"ID"	"SB8"	"CF2"	"NG2"	"KO2"	"NMSD2"	"CB3"	"PP3"	"KO1"	"NMSD1"	"PP4"	"CB4"	"NG1"	"CELIING"	"RANDOM"	"MVOTE"	"FUSION"
1002	26.70608163433746	71.61382306990656	59.93565216407912	71.17750969047671	76.13987340250956	75.49529417732415	65.92263964711589	71.54576552159088	76.43217997140093	61.36962852437764	74.19904554869683	65.40036422720028	86.23464633629835	66.04196284478063	76.19864402067363	76.6614689921707
1003	1.2607540029752393	66.83973216178867	63.78758783472078	66.46614065172814	72.88402731756088	66.28347133975267	62.412166934234214	62.28387031357621	70.41458950682336	63.25825872727366	68.00511165011271	70.74384601518649	84.67225234105435	60.93762775208832	71.60439989056385	73.23981703737502
1006	9.081409184313194e-2	86.310652513148	82.69114074256005	89.87115584164602	90.45670977022804	91.19638156244804	81.79285874780275	86.40411361500978	88.28930083273933	82.55508547582609	90.80060075441094	86.0593863564609	96.46556977452805	78.95022215820472	92.20213035625942	92.86413329690217
1007	17.01569915492517	92.71277123820622	87.7438074842337	94.62464334349609	94.17218574652475	94.66303491882162	90.25634434665056	94.28140931834595	94.40070204637622	90.388390988541	94.48059057888175	87.74380748423374	97.43589743589763	85.83095910774105	94.95188824162403	95.10811331477626
1009	0.10123507030722653	73.25766967136062	77.30406524725801	81.14499643501898	78.94183616093706	85.48138635618474	77.55571798347637	81.21809044859783	79.82832891897077	77.16080807829152	83.81767940531051	81.73398053594559	92.7302996670365	72.06789222607354	85.29702626802182	73.31317025071877
1011	4.4721274862595986e-2	91.45016627172971	83.31371208606826	92.66799732309867	90.90066983247165	95.1784983689899	92.87703595275988	93.629264060245	91.69835022257963	93.03514799355366	95.1784983689899	84.63258009806006	96.95531830763167	83.77217242724404	95.28037844231409	95.6195641071251
1012	4.021939424393213	58.18651618775754	55.08043618178887	66.31041358347116	62.548631907621456	64.62184542939886	58.55835297171641	68.73581904592781	66.13973319645653	44.204224326901596	64.22745899625286	73.84188963857662	94.82269503546063	57.12978258211903	70.79685332743759	73.53022296167553
1013	8.516466275213563	50.5032746359387	55.6789690927723	55.733456589015915	61.81297660300523	66.76161184101717	57.444851038889425	55.55484456581715	64.12936596552483	55.79334122395696	60.47252176540451	55.58193273615699	93.1287219422813	52.62551299194133	65.20589728567155	51.88433427796642
1014	2.783649993979345	64.00012765870758	81.47836552584256	39.77587986311995	68.48114088168167	80.59128656594504	57.69624228122455	90.88698991243173	68.95555332862241	73.44716283798589	80.97425598395913	81.75841111051743	97.26027397260279	66.78294991142644	80.17273920334827	84.12617626118917
1016	7.138555570618582	66.88987138708306	62.14786030946967	75.838000679877	86.03889986510704	74.12394337198187	70.04018352006568	71.47328247919617	81.59786541639744	65.66079683481526	81.04406762679541	41.944043883208195	94.80220791168358	66.20038970382724	79.35585225638002	81.16041821429738
1018	7.919236623579602	81.2318424829925	84.31474816271042	66.59954535555944	74.1949640121158	81.945213317194	89.32810465751587	73.5614533059753	76.51479794169333	89.32810465751587	82.37081889077591	85.59898219446654	95.22313010685147	72.22268808427683	83.9478274648607	85.25016736527932
1019	3.5965177775712522	76.14122134808238	70.79140305015056	72.88921461434886	75.62274604511713	70.1440884410046	76.94359866201164	73.64623828498502	86.02891092200511	74.52587080549411	76.19837997559306	69.5237316872866	97.56958055664475	69.82878427989175	86.24423160927327	88.62622852035169
1020	2.2505237480871596	34.72138736400227	53.13755804794148	44.24956154005512	57.83939190264758	52.43202318132264	63.71126599983425	64.0488530718059	70.45885187196966	66.69873784864052	30.418834208082025	39.78587151645985	96.6842864007689	48.29642314620929	63.80962177857289	66.61771781896611
1021	0.5098499463513495	92.74551128773474	77.53378244537662	94.62928950523072	97.1884469322782	96.94729365298723	95.92827314541795	95.69040356034803	97.1884469322782	96.25175936343847	96.41247631741327	92.6770137348639	98.12850904553973	85.79573084321657	96.68909914163486	96.93877303695653
1022	27.56807817441122	86.79107000826824	90.37041660334654	95.0762079872365	92.86849002626572	84.86711390598197	95.18998879609053	96.61333601882947	93.99531060095279	95.02089600247767	86.90372273010479	89.90653192122463	99.19045590115043	85.99992520024655	97.55758262049044	97.7038188990542
1024	10.335413077119052	60.51507632522212	56.576381861005075	69.97414596188116	76.90659879278346	79.1420808552106	63.83587833893716	64.85420823747324	75.76179641204702	45.51788320342203	75.99708616373184	66.5243046434624	96.36363636363645	62.728251646708856	74.70566242074014	77.63822271078922
1025	2.429117855823606	75.1505345409755	52.86950521188247	78.36409797452143	71.07178279772889	73.57030971392143	66.97960454894793	73.62119112363736	72.13932871793463	67.10964830637778	71.01446839534405	60.288650163432536	94.55948030856722	63.933361161976606	77.96526913075752	80.29475992426089
1032	6.42087762462201e-2	65.43158235227907	45.20803604047818	69.64336017005984	58.14862442820782	58.10150173429991	55.10721706299372	63.202895469761145	60.938463544153066	59.26789728040352	65.40979170629257	49.245522662167325	93.3072267710927	53.43426813002704	63.198706888489156	67.0683307896406
1033	9.20465609513894e-2	85.03435441249265	83.08303415194837	86.54359938268861	84.82797971324165	86.58878227577807	85.75333188994094	86.46762397912879	86.78651300997086	85.51118077641252	86.66360904444778	84.2661024259661	91.30434782608671	79.60190381121541	87.3583191738175	87.50941985955669
1034	11.567718390449826	77.45457072098009	65.40993904212256	77.76174887784435	74.10874302570649	81.95814269020984	77.93192952314133	78.1801674838162	74.57617171649429	77.63094389444915	80.11946888625575	80.26455502305794	91.26506024096398	71.29379844846977	81.56074413350282	82.48136356662299
1037	2.9226830125856407	69.63982154624436	66.55143327572505	73.69137339047498	72.96689260336315	77.0926662937106	67.97231686582143	74.67960699684575	73.76896027026818	69.03480838249585	81.01843882414485	65.34709468811839	90.64290260980309	65.22305378901139	77.93541368988919	69.76706517548882
1039	7.189627711031647e-2	90.01939622768079	82.80256192560562	93.41987196968591	93.18470739048446	95.67254845032261	91.27180066494711	92.41431168425841	86.35930566170137	90.60921207020426	93.02424498199551	85.0227975137445	97.51996637242543	83.69233481178767	95.30103123917871	95.41227613401736
1040	6.241512928496163e-2	89.99114125902591	69.685905334708	95.07011594208575	93.90832421972833	95.47539189449894	90.21502630501898	94.56691974498553	94.60143274072156	63.264943871177145	95.28853942422745	91.71192853249079	99.78345604157646	81.6327322460378	96.47940713029139	96.6365451259562
1041	6.665832405706991e-2	90.356168630486	84.61695508346422	93.39203016589177	93.31854357482199	93.10017021906373	91.71796503623443	93.1952771459178	92.37020323967252	91.71796503623443	92.24829377794667	85.29557051537653	96.52327637006502	83.79302424052041	93.71208637919615	93.88895955030401
1042	8.762063457520333e-2	78.71378389851695	78.39395315074982	82.32468221955968	80.15031278820233	80.02742078133424	75.3605803597631	78.76010067231933	81.72405022970955	74.78902910776532	83.76434693466395	77.51293685208867	92.23516361619548	72.87665933479775	84.41851849494674	85.80311821730227
1043	10.523372365678513	69.47765822665781	58.14773438787123	74.58787137164018	76.86751564684387	84.68187118317924	70.72953470449038	76.61105704944312	76.40307871340327	66.57055705521351	79.99429365129022	70.41041157060356	95.17412935323398	67.7904822540838	79.32751713941262	81.50527448542134
1044	4.6002546862399605	73.98144677074026	67.99869900646905	78.76915870599039	73.83961308482928	80.80247720136936	73.9330190298748	78.09093069448761	79.2324361429834	77.647529869296	83.93149532519169	68.9313553101557	94.50354609929096	71.73599171766101	81.86929267431317	84.40172531052397
1045	8.972772256386972e-2	88.87055345833458	85.7193630820447	90.93758595290976	91.09234117839252	92.61715107579478	91.67336117907877	91.02899713130792	91.81490063681377	92.70434406347151	93.12842720411554	87.71671403362552	97.3724103082366	82.76774957686266	94.89063537114488	95.13149070593913
1046	9.695368668015122e-2	77.5893929427347	79.68634754091455	79.17229042549859	73.37957694930772	77.79307517878911	84.76713967813579	81.3761421902339	72.85037205919308	81.3677361541981	71.38495557995282	81.88337221302751	97.72883688919475	71.35691967317563	84.14847901127744	86.1975402803427
1048	5.5465382474703534e-2	78.76376473251564	60.79555332329478	79.62322641423056	76.37027498171518	73.3301859184542	77.9060044811471	83.86414828937008	76.5569512732266	79.66816674468703	73.23246075482594	57.33117136524649	95.75384615384624	67.92173602182727	85.34938620367176	85.99530105074678
1051	7.019212762912506	73.84807663960554	72.11301068811319	79.25805249042193	80.18987803079231	90.5864733183481	87.13345107863356	69.5372602037556	83.56399837779328	85.61580455352596	87.39831540504039	69.16481991443182	97.30113636363629	75.27941065957067	83.26584051001788	85.2466345084062
1052	2.3025584278312237	67.83135746839802	56.722072473966	78.97686218333818	85.47538643152134	85.87936286705981	53.14185438577107	65.92006492973262	85.60678752974859	51.28629806183875	84.76017909102248	63.225537917644246	96.23467600700546	65.38470973906287	84.13479230123076	87.15911818921306
1053	6.179634853189927	57.892071166287565	49.76965139440136	64.70478384195289	67.25061702785595	60.52187448164344	59.82618397037376	59.441977129116864	70.839435337737	58.0418894739462	65.93931215826807	51.11895980776456	87.59213759213773	54.78995885016852	68.39206973682931	69.77909709834587
1054	22.952836038187694	85.83335242858034	89.18152946360435	86.74275471368071	82.91703683443835	89.65538970797564	84.03717250773356	86.44408244690594	84.97942980866046	84.13119204083776	90.25136335225199	87.70674693449762	95.30703944083906	80.10904981643635	90.07989945772609	90.56535372284947
1055	0.12771867852032348	75.66641142099797	74.30736021994564	78.80651741795636	78.50406493822277	80.83623524720764	74.08933661316432	80.87152185508918	81.81653580306808	69.9077589191801	82.67037204150523	76.0316549472592	89.8135818908129	70.26243667904627	83.79860848527316	84.78102861393187
1056	10.73245980297687	63.55104192848802	52.14513305580702	63.87489427257811	65.71227487697128	70.94572637558369	54.0312580500075	58.26872340795557	66.60838247011857	56.613068089663855	66.02599391241878	46.34288599546697	91.20593692022261	55.113499386637685	74.56138214281867	77.74274677890044
1058	0.14275010313221542	68.8382409488128	64.51909824063436	79.40647418000562	73.6049860125926	80.1370636897615	63.99753712272046	74.78972573266492	71.3309311993881	62.60355258476758	77.92720470936506	64.3606552262862	87.65822784810105	66.45335900943535	81.05426135925025	82.5164137417722
1059	1.3417758526606463	94.42783223270797	86.67326135475284	93.96135240143315	94.76564040334591	93.63799062670512	87.60152629283239	94.27071367719631	94.56340450130483	86.44888584826218	94.35727102450306	86.70494332634038	97.9542719614922	84.78421869507554	95.15091555744932	95.40565444118705
1061	21.78319790188562	66.9076772427033	63.91697581971012	69.66611700031129	70.94532680789074	70.74386030950173	69.37050673694874	65.27167484691864	71.3202698824148	64.3892435278287	71.10472855543489	65.89480334600538	82.29920060906024	64.71248319942828	70.92683308363321	71.7174865855825
1062	42.708261505773095	89.25954189034925	70.56937299152749	62.257671088497304	78.27101564734315	67.92139591154732	80.94877580625803	87.9328545550198	80.84646400276809	73.9677832050413	49.99658458129726	87.7486247839735	99.40769990128331	73.37168084658585	85.78835366921932	88.30856282359728
1063	1.291005427531743	86.2435064292123	71.00858754585559	91.1085713733749	85.05319119956322	88.59313531002394	83.76111463370545	92.64031730206366	88.01809681142035	84.32917934928746	91.29008301718493	87.2213767303908	97.66561514195583	79.70484754356563	92.59631698294054	92.79655657107985
1066	4.9414518790675446e-2	91.30660311348878	81.35981700162702	93.05122631605292	90.01801354437109	94.14643247839342	93.19211422755431	92.78205528962512	91.75756559489723	93.19211422755431	93.83832632029704	82.35024187699074	98.96334690855267	83.45932331913325	94.2942058974388	94.41183192682574
1067	10.493712313415609	66.95669249909038	49.04064952031262	85.39407418446648	85.1843200392176	71.87524714245268	63.01328308354452	42.283969239289185	67.82746739671802	60.74921467763674	81.8841413478499	37.954926962861116	95.89861751152074	59.427160693730116	77.6439945571658	82.01339012388834
1068	22.583498180516425	88.2881257103595	61.05633392375866	90.4626684967086	93.65494034491999	83.04319718685561	76.5844802272688	82.69327689850805	92.4225711922399	79.31361620565544	79.54359181176197	62.58835994736474	96.60804020100495	75.98852569115311	87.86245764210986	88.982070745261
1069	9.68356269189469	79.38497020794097	63.55923600993658	85.07713698405874	83.96835478969581	86.05995364695053	69.89372700712991	79.68466063810973	87.17087316219983	66.50979187810367	80.36856905157192	70.76850375277209	94.46290143964573	70.89808527280196	86.45460184616616	87.87603138790513
1070	4.767089285789463	80.89395559849818	68.06992138885917	79.14462168376039	84.29933009596523	73.41328312262641	71.59164086901272	82.26139280044723	85.6035457915743	70.8822383812008	72.502248255155	73.74733147147299	94.41248972884142	70.56701731878239	83.89151708603617	86.75305587055244
1071	8.119661688195503	83.92108262615176	84.3249635978482	79.62147175979737	79.97635114758896	79.83819034587549	79.32823312166639	84.73404147952334	79.48814164973922	80.9005664797433	82.42964092239876	92.31506410551789	94.2512749188691	75.42523969166459	85.21963500954944	85.73517109010018
1072	0.15826205974415677	85.69029209185292	73.83645113254764	91.2085954572821	89.15773182133017	91.74280032448341	89.06029559576272	91.79248395762617	88.51471503721355	84.1428893383309	92.42563287954337	89.26206672480426	98.82352941176478	80.64752259047505	93.67591365273212	94.3106970009521
1073	7.2270314659732655	50.6281456378541	53.39730983209666	53.17970810124189	57.124337887222254	58.79494494159023	52.35745959397875	53.23099519420806	58.45225963900451	49.64186877249423	59.52626733310714	53.9573099351782	69.55671447196895	49.63060576091549	57.1872952726006	57.79985242739747
1076	6.504598385028672	60.55452046492464	50.60896458338892	70.0697042445442	72.99951202034266	76.5435291721231	59.71982341013469	65.81819551096817	72.18590617019893	66.12296872603741	72.50367546955259	57.624041302742256	94.13549039433771	60.31787092417583	74.08605957239351	76.43436817795045
1078	2.1956411428152474	35.26745377738034	29.678002141370147	37.59715544348959	49.90727425934955	61.572549719071056	36.62610961702821	41.68391509364108	54.29044606409356	38.738813577256174	49.80785668783207	34.26860292432503	78.33413577274881	39.6696592703449	50.720550738486125	36.02517482552021
1082	26.553371240941964	75.12275440483019	66.26542719296499	81.21630658278285	73.60928736540573	81.84902147006567	77.57185817380244	78.8125842992882	74.73389860263494	69.09370095018933	80.56910655381046	82.84208481772978	93.26047358834273	71.15020915449402	76.70579649217399	78.19075038235745
1084	5.712943746525583e-2	87.64119763870596	83.02285480446507	87.9761804342973	91.2954000132574	89.0370490558558	82.49949201784963	89.67877960009812	82.83414624899424	83.48979706715379	85.4536036004816	82.22543760142342	98.14814814814865	78.41582610261102	92.55537195071743	93.30323413432768
1086	11.673811240582028	83.59900166667519	78.2153724082874	84.84771145423714	87.3336371741484	77.98823896672064	86.97302368990421	83.8305395131238	84.79083113941861	86.46337995810003	76.85739306061741	81.07307071654921	95.1356407857811	75.49553330893977	88.1741833106124	89.48168773754907
1087	6.570393262345189	6.902610413305127e-2	0.15373995983979158	92.4810956942424	1.811412315650595	1.1452058230115278	2.1270266248072893	92.65330072086361	1.8114123156505952	2.1270266248072893	1.1452058230115283	0.15373995983979158	94.1086065573771	16.09546112699007	1.5039323959710238	1.6576723558108075
1089	4.906200095557342e-2	92.02584011401184	91.20257048791849	93.43153019583116	91.2603620255353	88.87120332795313	93.9230445851113	93.73567764421504	92.44607694534147	93.92160321536814	94.75120746648568	94.50770472012387	98.7372708757638	85.83594521963623	95.45818813480679	95.6624560653798
1091	8.351802479009935	92.54229349201327	91.95067941335701	92.10256488136655	93.90449521670396	3.420672796173113	93.03963517292416	92.12591963656985	93.2793423563805	91.18250170727997	3.1457527029591095	91.62996823214239	98.78826530612248	70.678983066737	96.31440674070248	96.99194780011126
1094	0.1237228606867986	88.76811181735894	86.6428090010848	94.11872960449465	92.1253535073014	2.2854203406338223	94.47352216262132	93.40927117457824	91.85016041632494	94.47352216262132	2.2854203406338223	86.50568758100401	97.55586592178783	68.46457586239575	94.90265615391311	95.83862307568486
1096	4.4821547675226656e-2	64.96480582136597	55.63177535145961	56.54718018005717	60.55331158491448	73.01634249371259	38.428790490399265	70.00978951396361	63.277928921797574	39.207237696257785	67.13800230384193	55.32536737528972	90.50051072523043	52.99658974099414	77.41539788280387	79.69016670973109
1097	10.73245980297687	63.55104192848802	52.14513305580702	63.540954745423136	65.71227487697128	70.94572637558369	54.17967561763193	58.78284640514138	66.60838247011857	56.613068089663855	66.02599391241878	46.34288599546697	91.20593692022261	55.164749654108014	74.57835817351798	78.06977796086376
1098	6.4753450646939905	77.1618378412255	77.94022908870112	78.84064493517681	81.93815738078838	83.55386494036367	69.06263508762173	76.94339216986205	81.97303785039692	63.602973037149326	85.02855943567465	71.05276751614717	98.1875492513791	70.15532661262415	87.10898722178987	77.45853989803174
1099	5.7678071752317654	57.256659458656024	60.79531996804517	63.808017125104186	81.6684552897744	71.22273136430098	72.31483103388449	65.92670228124562	67.52141056318602	69.11279271381767	66.49853593663202	60.31718247668238	92.5042589437819	61.13157454148218	76.11500175044517	55.00373411957023
1100	9.3783829250643e-2	61.17479385273088	48.82453274281255	66.4580555145512	69.69145424646192	71.30259621062284	57.35816779310752	70.04224137821613	71.63534758612145	57.67999934258265	70.10918314767957	73.10310753086642	89.25561797752802	60.27161315749431	75.00150817978914	76.336565450909
1101	0.121048530438238	74.15869621793243	73.3644447049597	74.39040443914901	79.8264419634686	83.81524613332209	72.56145854344645	77.64359529369833	77.96389465638762	66.6992312506801	79.53022090500455	75.5969630100766	88.820722563054	68.79406650590909	78.75818481382322	80.10287475599071
1102	8.060911751772996e-2	50.39119310179107	27.296320643190718	46.793368308439526	37.73235811327363	35.74377263664257	61.85418208207355	48.93981884674609	42.65507888867446	58.1137560760275	52.59096459913744	50.26118706070698	81.62267839687173	41.40132832284002	58.76040536548558	62.293167561411686
1103	5.604705241556177	92.00885767184326	63.303445723883144	92.5135532602096	89.88274805963114	91.33980314449867	93.65217229709087	91.81745539107979	93.60479241672655	94.54005339309994	93.49191583593843	87.34028152178603	96.44473173884947	82.44507312162297	94.21787750238062	94.67017500556936
1106	0.6308229772608026	90.03564685399941	1.391196531254475	97.69101334689118	97.91909386443874	98.84655821860807	11.058908300346069	61.05617135719223	97.91909386443874	11.058908300346069	98.84655821860807	1.391196531254475	100.0	52.510197224714105	98.3828260415234	98.84655821860807
1107	0.113045254840186	86.91488282257896	89.25915227147149	88.50433323553415	89.72317633851524	92.31542260541286	84.96841833474377	88.81307122870103	88.88150262641403	82.04368125415672	92.47198771368288	93.91316204284308	97.75401069518719	82.21603876233644	92.26101925427706	92.93574383590185
1110	5.6282233964411335	63.20432420733431	10.226131957534482	74.17921794408406	72.93604579431768	77.75195332830491	74.09605906314022	79.50871475937316	64.30811902169886	19.123264159645633	74.465716494559	63.430268595352615	89.28384736016753	57.66105186746461	78.12050693642345	79.40145245425322
1111	8.922315608660851e-2	80.46326098191838	98.02440955826552	79.59636100924898	77.03644099977842	78.9880683036854	98.98688839309544	81.07508125605442	59.811840709833305	98.71867154250774	72.35803361195497	98.02440955826552	99.86595174262736	76.56706151125053	93.2706155974802	95.148133551594
1112	6.412741954303355	89.56365057909625	86.68470984539304	87.12328334659377	84.5997249801846	87.72756665547132	72.01398112648903	76.1674317875035	86.10076691075722	69.27213625904083	86.16446946418938	48.85783414591984	98.91426432047919	74.35502842826241	88.62329002015125	93.18882111109022
1113	2.592421047616333	71.32184902065084	31.23170282640966	65.84852430548935	73.0959824069479	73.40942735853046	60.81124611856153	66.67335651006225	73.629686037207	27.365918766341174	74.77369595891065	59.867912101378884	94.36728395061718	55.7862249746263	72.43630365605725	73.16029156621032
1114	9.407131087123792	79.70050482380186	70.68741380535197	81.58113171790413	84.3420146143282	84.17226451341344	81.14057167963504	78.75482082205922	88.4983158139675	78.63336695164111	82.70398223702222	74.50228512188578	95.87813620071674	74.24608167191043	83.32717673068248	76.14696986760418
1116	18.959924984219704	84.46354102928295	82.36023943238528	90.92474834354489	93.31251402725275	92.52082154790521	88.76516713408887	91.51008910624736	93.30908195623185	87.46551978502299	91.91645957662115	85.12952136644151	96.49973074851934	83.28351160431528	93.22258225804167	93.68627819244985
1117	9.3783829250643e-2	61.17479385273088	48.82453274281255	66.39973937186812	69.69145424646192	71.30259621062284	57.70949865392851	69.41358817951945	71.63534758612145	57.67999934258265	69.41533804395611	73.10310753086642	89.1853932584269	59.317522174412915	74.72044349113234	76.5644784005878
1118	2.0019261074064834	47.60101964539063	54.61562441810778	52.05412945124239	50.78540388642566	64.09626587884385	59.53117908408504	54.9467184485083	49.59258183995755	60.6233380359841	56.266054468704716	52.14580449600164	78.38577291381628	50.92033777220778	61.02327255870691	48.32675258612759
1119	12.259328013503534	89.98090897336385	91.14435252141185	89.08003192967145	90.82863932370722	88.65834839465461	91.70133825606813	90.31851077174915	91.23263469440451	91.70133825606813	90.26093539802018	92.33134466470482	96.63375224416528	83.58151989278517	92.07879412087637	92.56611290025826
1120	5.5126791240940456e-2	81.25035843965168	78.05131466203039	89.64444349441607	94.71912402803292	93.7891302687447	85.38839873612527	91.1739848625784	86.05120397226193	77.4118301752442	94.8448753226606	87.84753311601577	99.57805907172998	80.2620157786917	94.1006643165611	94.59897797126213
1121	18.1070758187107	64.94811961970501	74.67824491548853	71.82459936900538	69.67624666824265	66.3427891776871	64.91150045988978	66.3626109755049	66.53618570767588	64.21675188888031	67.1945402567858	71.48605072111316	88.00872093023264	65.3938653077329	73.60555811547083	75.08820065419313
1123	2.592421047616333	71.32184902065084	31.23170282640966	65.46254678985883	73.0959824069479	73.40942735853046	60.81124611856153	66.69370566462986	73.629686037207	27.365918766341174	74.77369595891065	59.867912101378884	94.36728395061718	56.84172278804165	72.35910815293113	73.19503829698417
1124	11.079478031569645	74.08453796542604	62.44423615653398	77.12449110023927	75.20773080705092	78.55966881521009	72.57640235276169	77.04269279582961	69.98878280767666	72.01237915397158	77.95414581498008	74.7658339746214	86.39165481270766	68.68732249096456	78.70773726826788	79.42074265394298
1125	12.237498387210133	80.64346411725576	74.801109461503	88.6971903028877	90.73575779603674	86.12547259011983	62.79526443593393	90.55771673064102	85.17988837509459	58.904088830656356	86.96622654114401	74.17157189902433	99.60474308300395	76.00479672477897	93.44993794837997	94.95271429135795
1126	5.82548281188783	69.08844686085368	55.07203238968934	66.91755892239712	69.26749802208107	64.04782740524786	72.77756916290717	75.36156480851204	71.3113841756584	70.94800158310332	62.23785014945944	55.74036980206771	93.2919954904173	61.464709541156424	70.06359282054416	71.91345386173576
1127	4.253907102381956	64.4133557271143	59.28890733399679	66.15084551417878	67.57188529232788	79.32253846419934	69.74261892557588	62.28510740890979	68.46147248912975	64.94442232711344	75.23707799786729	59.44221013020565	92.99065420560731	61.767630692028554	77.63380553444502	65.6966057613666
1133	2.9896838522525164	82.44024769631129	77.93668989861486	90.00422010302903	90.56753248625056	91.15317816842192	86.29385246884922	89.16121026368043	88.0590685865103	75.65040438569618	89.51753963735791	86.365268335469	95.85338763420997	78.81929422587926	91.76350427652943	92.44617114396384
1134	9.128129803934333e-2	66.95000188299069	69.94442165664132	48.87723084047716	56.55994484253857	60.966994167539454	74.71618461135868	61.226789411690895	55.538046298328524	72.99681830518527	63.282286973849764	69.65698846268785	91.12694300518166	59.15783116972969	62.4500470044492	68.56170843126257
1136	6.046484162861387e-2	90.4730159083612	77.23126449726615	93.73235047117522	92.75378415878805	89.51135639369198	92.6889794402324	93.57765736235325	92.52281993310503	92.61461587795776	93.41158595919033	93.70610295163324	99.31358381502892	82.82242731647578	95.67836778181304	96.02550315620006
1139	39.62761650806621	83.45078560571069	84.9611945504854	87.1024668086778	92.74773258142494	91.49711051201936	85.13590455064138	89.57905989724739	91.36284081078634	84.56911079879013	93.1002050259374	87.92188862524648	97.79036827195478	83.35354384363495	92.79395647004894	93.58651663874741
1141	1.549367583824342	73.16945503897921	73.00288340414701	87.6311444267772	89.51609316320945	89.18567986314397	88.68652608912953	85.87025010506275	90.56688671733342	88.93887447410012	91.07631859620335	87.6243288791109	97.41488020176541	78.71375439510066	91.20329847880932	92.07052431613599
1142	6.624383747757324	76.15652634247093	60.52038097734661	79.81623349969131	76.94773729063753	81.55803924536875	83.72077019493135	76.67526462847584	77.14264541973749	77.70587117923529	77.4732111943612	83.99938300247315	95.78670177748543	70.4919613106298	85.22457475080982	86.86197924933437
1143	22.226849487381315	64.32589711345206	65.58242619526519	81.2410484721014	76.48880296342982	85.90299773026354	76.73999860025381	79.98747560907563	75.91961461043122	73.04428910076265	85.66877134788254	76.92941034313256	96.43669446550436	71.93681081984325	86.5579468867	88.04815371682886
1145	4.370589712774101e-2	81.74560509143141	69.02358851331206	83.81821307272617	79.45630195427735	84.93602029718076	74.278982792336	82.19321346379917	82.17436715895397	73.87373570943635	85.06577880846527	65.2267473549275	93.45182413470565	72.46871224482983	84.61284172258138	86.58144806588005
1146	6.859955929795716	88.23853999057144	65.46247545781746	86.52553471741206	80.06293026820681	89.23928981812436	86.09026780623988	90.84271837215589	76.83355282090179	83.39139509242884	80.47297521069665	79.7715723950595	98.27134625458363	73.94058336583247	90.19263353489137	91.9578319553155
1147	3.7929264691388916e-2	67.29663969991589	69.38462437847647	83.3011582508896	77.87407138726417	71.99311649402658	63.65309710636649	71.48304742512545	72.65228756180743	65.15463012188104	67.12148298180587	70.84781043413912	87.0850622406642	65.56532952726512	74.35497252734568	74.73512452976429
1148	7.78914863220416e-2	48.61660081657403	42.562881320589426	53.67710635681152	52.1701700542384	51.614183352825	41.024642862053284	39.420140226435116	53.7406891851656	58.900902654101195	65.04683274347116	44.968038650272604	87.47697974217343	46.080154822999155	52.90238066904093	58.537426460082365
1149	0.40870375886667665	67.19510990038225	33.041670052429595	65.58231826945492	47.770265156750455	67.74184612895048	68.00822918223379	67.37577551599288	54.57568455274235	64.24162339952291	69.29728100828082	59.27634111348835	90.38301415487076	55.33936455118763	73.33093120904789	66.71059498625225
1150	8.060911751772996e-2	50.39119310179107	27.296320643190718	46.93067095324906	37.73235811327363	35.74377263664257	61.85418208207355	48.93981884674609	42.65507888867446	58.1137560760275	52.59096459913744	50.26118706070698	81.62267839687173	42.34404042701348	58.79993952606568	62.16272644545672
1151	2.7094984275285685	92.96931866373208	87.06099567155361	93.74173635829321	87.7769619422789	91.33309739489508	92.15307737343545	92.51700770004862	87.57261035035303	91.02154227314638	93.00231165460626	86.81018803132251	97.03389830508483	82.7937204811624	93.10690392085566	93.66674389990165
1152	6.711378502837774	92.85683138827338	84.51865576451027	92.63731428047129	89.11639559175771	94.90711677804111	93.05776139983166	90.60586456910039	85.10695285392656	95.16292607088349	94.44618521356935	87.47231770935174	99.57780458383591	83.44432654135552	95.76272464039195	96.00401836872548
1153	15.58737495869674	89.36118383484643	89.00430380474918	93.62365278612191	92.60332916540635	94.04367688113204	96.37692860574319	92.70658784173139	93.1142777545405	96.1057930781168	93.64977806665176	90.45625530520894	99.72870320130222	85.3523836656098	95.22987545625938	95.49377270504309
1154	29.06818139949247	91.34168000050283	85.70167657488996	96.07604234652456	94.64080906238645	97.17785067473606	94.8573084591062	94.73531214976492	94.49769008619813	94.8573084591062	97.53515186943629	85.1268672653201	99.42857142857143	88.43299247514007	97.6034117847569	97.68547762926015
1155	3.709198808053836e-2	63.682261483106	51.685157468388056	59.029585522190544	57.869264625934704	61.6387651352281	64.06643658877775	59.32791210873977	58.86816679087601	63.64031790195098	62.24451508042104	70.42572393494007	82.23112892451645	56.16632933441724	62.74363566317336	63.6052970931361
1157	0.4855166228199982	77.95659473582727	63.22229637198411	75.03801560103564	76.12240874917671	76.06837080293477	76.6369850439331	72.56975283735704	75.44493305756329	75.15544200971779	75.47330151999212	74.61813029085431	94.36459909228441	68.1261173452234	79.09277610423841	80.49318802435792
1160	0.8807889672902676	79.91357988481093	76.59915906624046	90.79911778410418	88.82580390849029	90.5047594300189	73.3045230125742	86.21898921927543	88.15540878323304	64.98143190276512	90.98447005969071	86.46653675239526	96.09250398724075	75.16132104008972	91.84007570200451	92.29347503198142
1161	14.444570005164369	71.61607196255643	71.89059776717595	81.87201709013404	80.37652742603734	82.19587944239689	74.31130012984781	77.32579871310796	80.46446241071669	73.97678930372082	80.76907739398584	74.81431910569547	88.55721393034881	71.26741933531159	82.02419643803547	83.01966378851631
1162	2.9896838522525164	82.44024769631129	77.93668989861486	90.30048594418221	90.5304992561064	91.15317816842192	86.29748114723233	89.16121026368043	88.0590685865103	75.65040438569618	89.51753963735791	86.365268335469	95.85338763420997	79.50640760054306	91.74943836690275	92.54851218235652
1163	2.9702612450221553	73.96330137457541	72.65936799505843	80.39919433988234	80.00502531960402	83.55940054805444	72.8226414477653	79.63181770723007	78.20908134790531	79.22155931791013	82.13892855073875	73.63124179539196	92.60941370767989	71.68652352941966	82.94881480332005	74.00459375685205
1164	21.03143104878258	67.1441920999473	43.42496979206486	62.40540421812778	64.04735467755889	74.02111237493968	68.33972695662678	56.154720535403456	81.48730892731902	36.39393473413317	64.37426899928039	30.77317000716481	94.77611940298534	54.64384525924017	81.4625198197436	83.84752275792906
1166	9.100092398420308e-2	80.14512673127274	68.31408376937132	90.75863525558313	89.32402849927827	91.19111707589515	85.40016541547568	89.52544372891005	86.96095729116546	85.40016541547568	90.71180378368702	85.1555985623342	95.0690335305723	79.40093095203771	90.77734025778092	90.87354219346963
1167	6.974060181777954e-2	69.35258991045374	37.91006728753606	83.68725441734006	83.20590462016409	78.89247024392677	71.06275757034005	65.32016153856438	75.68312507200528	68.37444467622818	81.48171989062389	41.73288628075998	97.15860899067023	63.071834103990156	79.38336803472238	81.915185516137
1168	1.5279812504687882	92.82193894637398	95.35421420799204	96.6379690656842	95.8006498630719	95.68952927294218	95.14169740793955	96.4033710122999	93.17028307188234	95.33507463016885	96.50143911409799	95.69625342004727	99.29723026043821	87.91016779992631	96.86598818130415	97.03411296026997
1169	7.904416225025196e-2	74.17036564802363	62.67461807205558	57.011934495816995	58.37528895256773	53.780792093168564	57.93291975799857	55.04631109529631	56.193154073293904	66.19739684325073	59.549358249561436	57.040024451873364	88.35202761000855	55.65753106460567	55.66811420020984	55.76870521565501
1170	0.46690345393930377	19.279846672316058	18.701998898697084	38.280012389934434	39.52704356809159	48.06232328358371	27.087204828461065	34.62748282743805	41.82121980909953	33.853359565797184	40.21274691078023	24.278343878505833	71.98067632850199	29.76083847556919	42.59668285410988	46.12367125306235
1171	5.31232457871933e-2	85.27635458620384	76.66554594482005	86.38102213652743	85.25191238541304	86.86726953458847	82.7153513019494	86.98900630790034	86.37903498572463	82.96369133932126	86.58684464277158	84.603245571999	93.76918354818919	77.40566844117225	87.78464581462092	88.41258179229489
1174	5.8178191488458354e-2	32.44485087287109	56.49916078923805	54.76539839048564	49.451961025810164	51.13330392440749	46.94021018981658	50.66269098669369	47.13807163563452	53.07840751599136	47.98426089162587	36.463994267341356	84.08807644370593	43.66844312042484	56.663061405866145	61.20483323327509
1177	16.04088697267092	93.62496377549311	93.35253099441569	95.73583544447352	95.14470689399465	96.3391746910662	94.71367246068245	95.01773743258713	95.3543686966706	94.71367246068245	95.99433298239886	96.64958883033528	99.19137466307275	88.5464974809109	96.58815674341304	96.58023414795197
1178	6.813226710965432e-2	60.32235519269384	35.616614890556384	56.637015295883806	57.98194030953104	66.9321135178928	58.04805871881719	65.09365419388095	59.36006051623397	55.12776884952124	63.904396513243725	45.82185879187289	86.3737486095664	52.3924417893811	64.38061215738179	66.98246200902321
1180	7.086090917514962e-2	67.86106006518457	78.95894562932169	74.54149891762657	74.46804873568797	84.48125503104878	69.44554970597024	78.6544467490293	81.83203744420024	70.33979936461671	85.95409313500227	77.94459246057474	94.5888216447137	69.36065869452011	79.64006766337523	82.09654689122169
1182	0.3553138029821464	48.098311274677584	26.90310241277546	46.523684950287404	45.853269167759464	33.449550622246484	47.967828978530456	48.84393773544716	44.336985489292225	47.80466890289054	29.727073424771476	23.60032764729555	88.83129123468403	38.07224580917715	57.8696096703554	58.64045599688147
1183	6.4753450646939905	77.1618378412255	77.94022908870112	79.12968687671389	83.06082702734165	83.55386494036367	69.06263508762173	77.19796278662409	81.79368606432668	63.602973037149326	85.02855943567465	71.05276751614717	98.1875492513791	71.02175073403045	87.16148786866393	77.45853989803174
1186	2.4275874676588525	60.171588426770185	55.93825462961433	72.93187284858263	75.34175618193363	76.2164162238577	74.22364059559204	73.18666808575139	67.49389731908234	60.86654479465604	73.18740116905272	68.6063012840783	91.83147033533987	62.55095589547878	74.1445008312696	76.60385618132692
1188	6.861225984991466	70.90058992193018	58.32092091186928	69.08002611431901	68.58672911257425	69.00514943864994	71.15837367431016	71.89035815974972	69.52090869047156	69.78456463236233	71.15243270723627	68.9578181100777	92.12362911266254	63.479711884041926	74.45298974826585	70.88478093864693
1190	12.797148778626827	82.01595426093729	77.66877896692843	80.87206148518324	85.02515101092749	81.45468949722037	84.2360283732279	82.84558033701468	86.43532021731954	83.2679674308422	80.41594817158499	85.31017042099053	92.84425736620622	76.75385556643747	85.91661496243958	86.79683556903944
1192	0.18231256392735326	51.005484914737664	64.12809692106369	78.07895419413354	74.2081051386497	85.87230426653993	76.8587982657038	73.09594810631985	81.9550623903236	60.245183784111966	85.84712592498931	71.6284532514899	93.0568948891033	66.74687249442022	86.46048792698433	87.36537176400479
1193	7.615114338523847e-2	81.05704074327919	88.60674488229478	51.107842557632246	77.76948633652312	81.29626321890062	68.83559109776424	75.50057785373079	81.78414270930064	62.6244712624482	75.16806870777768	86.84163153612272	96.10983981693369	70.08931430572055	83.4148560370381	85.48081268583293
1194	5.6863132895124874e-2	86.44262799135272	83.60518512303253	91.97480647681799	93.48603534908997	92.9075953505169	91.24267990378601	92.15899541393757	94.0311797320014	91.06640419125385	92.92540971675933	86.90037620396836	98.00121138703828	81.55175140508369	93.83900385600896	94.61077666482981
1197	1.2661213141007868	67.68466267754168	68.78031581677678	75.6677098274766	75.51417146779103	83.59064862359973	75.03101229204377	74.53626095907869	77.95027103381922	70.72860095619336	79.451722012737	62.104786020662274	88.94087622288437	67.8994805925085	82.28506335690938	83.4127594599289
1200	2.122987655209188	69.600560707207	82.4504515340308	73.35004930877498	68.13134579199705	73.2513598788167	64.85065384575523	75.2303190978297	70.92568357184955	63.514915364924896	71.07212338161352	86.92188141654425	94.25367904695162	67.85932365371151	77.50164107758758	77.57707355863154
1201	0.12145160853318929	70.1436080038183	61.86134954208591	70.06113799020477	72.1865999667897	73.51492528030964	73.64614749987413	70.09240225480978	64.84980930676524	76.80725909127423	68.3449202504429	67.62780474418773	89.2877173303423	63.91650046749936	74.47361647976109	79.77810754062799
1203	3.3785430787687623	71.52063871464313	64.67147264041843	75.20987223543182	73.48235446858868	78.52489569889043	77.44801904138441	77.40834246500734	74.64204155724784	68.82313806023235	73.58261655897151	73.81693098431518	95.47432550043534	67.13404934319459	79.12163763209924	80.9758524326811
1204	6.179634853189927	57.892071166287565	49.76965139440136	64.70478384195289	67.25061702785595	60.52187448164344	59.82618397037376	59.441977129116864	70.839435337737	58.0418894739462	65.93931215826807	51.11895980776456	87.59213759213773	55.78464003069534	68.27567932460916	69.72983348548189
1208	11.888467046926497	71.71179682548163	65.4249058656714	66.25785482496762	63.871694845544056	66.35084237661937	69.49681736830182	68.35190164461305	67.63728185187378	67.89128539141896	70.22505045851078	75.8725032698631	87.88669399925617	62.97715428202192	71.96143658947727	72.73276224742202
1210	4.585721694733929	71.2910341269924	45.944422894526234	69.37197503745614	75.22264788600602	86.07515188229368	79.76723657024132	71.66767379819692	75.37418364871881	77.88360383616879	83.00834920450713	62.5083875803177	92.89940828402356	68.67018190698674	82.25684219869109	84.81790288486843
1211	2.5716425829811866	88.3843994711416	78.01582169141855	91.10744156311603	90.62414981566828	91.40800313508008	83.05756901645533	92.24252536988332	92.24240032193887	83.14022070903584	92.2568847114076	83.15002136495856	95.52337063857837	80.0676927958505	91.87485365206346	92.0994460395115
1212	29.77465932871965	83.58791726111752	69.84506626925204	84.67477862042958	84.09308188367886	84.00164471148858	83.35912064322987	84.42783136704418	84.09308188367886	83.35912064322987	84.16209909221925	81.78116389062926	86.05514316012726	79.35227948527252	85.01500155918511	85.01500155918511
1213	6.564748604562026	87.55663098117586	75.73169597064648	83.91073160155553	84.67254049898588	94.01771353848588	80.39067362876217	89.55158288502044	82.41229176453889	76.8227898173705	90.10371193159907	78.65210044888647	98.16272965879274	77.5765138524429	90.61154979949286	91.71563673039277
1217	1.6715898810619796	61.052786636322	53.19706121686466	55.33087101740256	63.897393295825275	53.783736555271965	57.118119038800344	55.23803712239928	56.63254618671127	61.119960158398165	47.46222645976167	54.187546772255324	76.09962904080567	51.569215595200966	64.1075101848342	65.88272713128106
1218	8.338095963856783e-2	85.74327637994966	74.42454926429491	89.93300253077476	85.48487895221952	90.76465811986935	86.55134541252298	88.46679715149646	90.25697892605662	85.37251648282901	86.91168847367784	73.80354061152472	96.44107351225233	78.59569006904782	92.67405233145512	92.89838020065564
1220	1.9132766543032098	50.78262695387294	70.44225731985763	47.823250938981495	75.78620639308394	66.36404476505685	52.77790425433728	76.55033899855127	76.83869629525206	36.51112413188825	26.51050161202177	77.32061160574963	92.7519151443724	54.503148239116584	76.01220070369286	80.30386532037454
1221	12.164182914714742	79.90427516709977	71.9298391606424	84.24024442421165	83.73161508696504	86.16162468484967	79.84525736810822	85.1470709533198	85.08264008907315	78.50265288792711	86.25276699996476	75.64430431983926	97.77195281782443	75.56662732779169	86.91413744415907	88.507701091827
1222	14.885954307426056	69.05158064694282	54.49537848739462	77.6276787197973	80.49546310645496	78.68142373880093	75.79301549895142	75.11310114088602	80.58819073182906	73.50119286295144	77.66342154068495	65.67506787294005	94.49626865671641	67.4674286947093	83.60322335648867	85.45257041363614
1223	14.406755459116107	69.26138753165388	43.98333558657485	11.763109636393285	69.42246405641053	10.518461658217609	1.563136485116737	2.5757726613272895	77.71067514888965	1.563136485116737	6.5143459864860604	33.77229155188705	88.05970149253707	29.56595617400712	19.872806709240123	37.82340725983626
1227	4.513658113945873	49.70503583035785	64.31562860257509	56.19070482342984	72.13800013263777	54.12822379124855	41.12912760008187	52.30178412468723	60.07702322914608	45.29493387628919	74.60154287534128	50.77856653122493	92.03722854188277	54.08798687568527	61.96698015231008	67.50785327938613
1232	9.212787440104242	57.06229515536072	51.03753081305412	59.71585685192179	63.40950734371312	54.179715354937066	64.58162670324558	56.513554028943666	60.8441924423197	61.16366714895938	56.31241219057215	63.33165928455843	77.2474513438371	54.81448294988161	64.60376821947521	67.45922588051468
1234	1.976460110348708	75.74652367753798	66.49070684432643	77.89797978965277	75.60734082516166	78.5024680866826	79.03926632544062	79.99539189621167	79.52785501742147	77.8637022946848	75.85130046662188	69.29134828498789	85.90122414520933	69.97197055916169	80.5667570336346	81.16073693770758
1235	7.005668385645855e-2	91.21424856433364	91.95512648703986	95.96715090709283	95.61206032893325	93.80731720645282	95.70269560678561	95.31715927173992	95.61206032893325	95.47301569097192	96.15601019940637	83.60096041957472	98.86714727085474	86.4886108617888	96.33318997190801	96.33318997190801
1237	8.626590935602408	82.1067708405701	85.04625488908421	83.09887028690032	91.19798078577274	83.36882059750468	71.36258057068135	79.4155825993408	81.3752319927649	67.07309601586736	82.95706168608085	83.2804951908893	98.6801583809943	74.38416547253017	87.18736256449843	88.39408699996922
1239	24.562381893200016	91.34863838909688	84.47209482241102	94.18088103550792	92.6633363973698	93.68763709480898	90.55469400999414	92.3819599618043	96.13833800456167	91.86266187827623	95.03535156593878	89.07366952138175	99.69437652811736	85.68166480916445	96.56891753524441	97.08764380235706
1240	7.515718748353974e-2	88.03003860398547	78.25330461772322	89.77152014160657	87.57787075077522	90.8408772301078	83.58036189041768	90.06903046838433	88.22903616953226	81.75709871789772	87.81118123254207	88.38139804564172	95.18019973947042	79.14756027707978	90.0826017468677	90.79736776617843
1242	1.6715898810619796	61.052786636322	53.19706121686466	55.38386059536805	63.897393295825275	53.783736555271965	57.14493825329454	55.291026700364775	56.63254618671127	61.14677937289238	47.46222645976167	54.187546772255324	76.15262321144688	50.90457206676664	64.41043994700598	66.31235725609271
1244	8.481166323543311e-2	83.26711516371887	69.58771209438065	87.93400403819291	88.95617786307122	90.54273820748884	83.93586171578198	89.16851153807072	89.08339535720441	76.63862972269506	92.52064299857776	79.23113280465658	96.49248389405889	77.2756003108613	92.06149552616601	93.18020716438691
1245	0.10357720242664357	87.21027269054741	76.54383488315707	92.03864751312359	90.49058957071749	92.60189436383831	89.52210061816872	92.12836169940152	91.0362714190956	93.1873441517498	92.4363532919076	81.20496680848487	97.95792079207924	82.08042926714647	93.25996047195329	93.60375819006752
1246	6.194026739011553	80.19187778464499	74.38694633105608	76.13695132432491	75.7272125430532	79.56805860182965	75.35292880463265	77.43968232745613	77.25293721899142	76.4855236007553	81.86980320576576	80.77245973759311	90.12557077625581	72.70631901708752	79.96695016243906	80.76637857242328
1247	15.873625398624036	53.72477115535492	68.08388023079068	60.536663067294526	64.55050631506816	70.83349457357811	53.453865549734495	56.94587080861203	65.65500323635574	63.295158070820115	81.24328162289684	54.41812412089424	94.16909620991265	58.966154764441534	77.31561550865813	79.49190636234665
1248	9.711341555057436	87.4612537596636	77.05409168228518	89.30431680065628	90.72789970911434	91.83600610830099	86.31216411324979	89.08908509601213	91.45424848521041	86.16290700998395	92.68421716272154	81.52588891904026	99.434628975265	79.91927967965108	92.35931865946371	93.48669258983196
1249	31.740753603367082	73.55942976438436	87.32857904432018	91.11045939310696	86.17456998157576	83.84473327017503	84.32774210947616	87.82840695424281	85.6269795090343	81.40396351447852	83.33204225785079	89.35934807535291	98.81019830028329	80.55191575104178	93.29790983737371	93.83509962356902
1250	14.35074109542036	62.0833087140499	56.08376025079114	65.22352615130906	62.4416488680686	67.26052556470455	61.84075163891569	64.50811637146104	65.97468482383205	58.24817069784491	67.2586590548337	63.99406044893643	84.88235294117653	58.01893498709417	69.830392372792	62.69310040323316
1253	8.013914041550505	75.12195617145359	74.97116284329827	81.32805515892318	78.42572151469858	82.3122178685617	72.38857290598928	78.59986442832152	80.37477068761245	70.29997803040848	83.68442917690886	74.51134848269741	92.77184160905115	72.64890820287545	82.86108385262352	81.32476947652685
1256	4.6566132956822335	49.30381041785923	57.72963428215544	64.18816465399492	66.64544385489567	56.102048887766955	48.82693172690712	50.641465538768585	64.27496617592261	51.47670734887655	62.809622804351115	59.082992473304316	84.82683982683811	52.49780463593863	64.30562414601347	66.15193906289103
1257	8.97985154480001e-2	68.2554549713591	76.75645415184633	85.52531238786068	77.19661662242413	88.99532221261623	82.88637003409772	86.55260201513518	82.65420232031018	79.07417612371182	81.69069273198586	77.67846058650174	97.77006937561946	73.25782894097367	89.44791032174354	90.54709100904684
1258	6.1956472652503685	71.47611445989327	71.94234187981043	71.35276672646084	78.44845126806426	76.73326880138426	73.57559890944297	70.98588711653045	83.34010459628071	73.26911218881638	72.59035968733112	73.64613701220021	90.69662921348372	68.759720511837	81.87512747025542	75.19382224667663
1260	7.904416225025196e-2	74.17036564802363	62.67461807205558	56.92586418515594	58.37528895256773	53.780792093168564	57.93291975799857	56.07915482322916	56.193154073293904	66.19739684325073	59.30953240501863	57.040024451873364	88.35202761000855	54.61393952773088	55.66811420020984	55.92632513219308
1261	6.997915900876149	77.73028668148226	78.84863236703193	80.6571483299074	76.10943855715448	80.86815375089255	77.25909976797679	79.92621886405034	76.21136177755568	76.43517735763201	81.5733502483095	79.44117947404902	83.08943089430898	72.34365287817398	81.80927679382384	81.91897402553522
1263	10.335413077119052	60.51507632522212	56.576381861005075	68.97707546326448	76.96524999858444	79.1420808552106	63.89452954473812	64.97151064907521	75.820447617848	45.19643133675652	76.14782375268557	66.5243046434624	96.36363636363645	61.398521047122145	73.86961009736983	77.13250568174955
1265	10.916902446868267	80.98783922062469	73.63658694068535	86.6954671457805	85.94626657868339	88.32705782175644	79.3726212307128	85.78814952861873	82.71770078386011	79.04837658180163	88.9891722639602	79.13568760575279	96.08383894098195	77.73138441492043	91.05200907795579	91.4102865584865
1266	6.737866611802848	69.15966625277494	76.72739362759219	82.05716451806897	77.76721429733378	76.46306527777297	78.31892892507078	78.66068881413855	69.35272109222697	70.43710635695606	75.11404639101283	82.53376187243555	93.92917369308603	70.36486545519024	82.29788674664337	83.50098766752113
1267	0.6450041338338032	33.02278830479292	11.689617097712166	49.04806651518954	51.41543305769145	67.1291487740566	14.545110079140128	38.227746364603874	42.72102701060557	11.654859622912957	67.45616097175781	12.11533426916266	77.40880503144611	33.782491240154116	52.44155331270463	56.0755066372918
1268	3.866990050680124	35.618004427337155	31.733839442740404	45.940073207110366	51.74052596687302	49.619030228080085	34.74746161493035	39.45445667064633	49.51073372577784	35.438022086354856	49.24784570832348	33.18855422113132	74.76580796252922	38.14752722399171	51.175620530829114	35.44227576569441
1270	5.347877030529046	90.4487872911937	88.54851516901522	92.2109519063658	90.26095103972158	95.4369011664618	93.02299527316187	93.40417757270785	92.82180006463692	87.98664066048329	94.23608172959729	91.43504512333969	99.5592556317336	84.18548323380445	96.46490348299942	96.63527201666882
1271	30.92513979039791	88.7803392471931	82.70227870585639	90.99563251567683	89.32457274762905	86.69096854731188	92.05820875729654	89.79761200465062	88.28547418717213	93.89066717705963	90.46965924635018	87.40065833447632	98.56007944389272	83.71622799924836	92.18832128390495	92.5855839325634
1272	0.11060000457124954	88.80619373603034	78.26504270834778	91.10117176765633	91.07995947195715	92.6719850936156	83.29952840661467	91.10631075813941	91.28866112292675	81.2401793550758	91.69806267633075	84.80219076384952	94.70443349753693	80.48227257379281	92.58793188321039	92.95178774391249
1273	14.954387557065266	54.93711207979718	61.20125556014248	67.54417019804522	63.9703833730846	64.36241638805949	62.79469777131009	66.24037769960582	66.69772274190045	54.02952550893628	71.76005109401224	56.41076600643824	85.10051241623982	58.848681263557204	65.40572127721673	67.99193233234885
1274	2.465140920941259	62.52080406676252	65.54464887764615	97.17200068970814	89.73099130208065	85.3296634816251	81.28847544276961	72.65185181051164	85.31755813239977	83.25154418340318	93.74987509313333	76.78696143028267	99.51944080384449	76.44268957309609	92.72598940836347	93.83385684182156
1276	12.39344466463965	20.548154950060223	36.44040886269723	55.221643218355766	53.28192117273045	36.77797193019507	49.268181689802276	49.87122030794631	48.12924964440593	46.258610053105265	46.050468428834876	42.645055072314996	85.51869404949926	41.13536012167372	59.49438880247027	62.52465881081738
1277	10.67475820031583	92.88749212266592	93.00049227813427	91.9698928695507	93.88115898944037	95.1296088847842	93.48100931097363	92.19939642757524	94.85640293786763	93.45937551469947	93.4499817103969	93.16889621894786	99.56312800349497	86.560601460237	96.1476720016748	96.71262575052761
1280	4.814542837126315	79.63709311044536	82.32980499024659	85.92462994492685	78.77418262531513	83.25236189535275	80.6942700264624	82.83349302608846	81.73054943991006	73.12245464463315	82.62811210855261	88.16885554491893	99.3983152827918	74.96780494867099	88.66585783444772	90.41083779358178
1281	1.8906231661563189	77.24479022635028	71.62892431231806	81.3164391525054	73.80679603912547	79.721711861623	78.3150158923132	80.25463745497034	77.64472906024807	75.5977537481696	81.23371730603847	73.82366851700287	93.2909604519774	70.77112999916513	83.46098504490652	84.61892855025481
1282	7.611193069556468e-2	71.96169253497987	58.01226990487657	71.88283389749625	69.44250144934587	74.92257850084508	73.17193335269106	74.98518307267432	72.99117987652895	72.28059500528312	71.56997044703623	66.49625344610612	87.49475451112072	65.62238121686492	77.3872839471182	78.45906992447948
1283	0.18231256392735326	51.005484914737664	64.12809692106369	78.17556539470795	74.2081051386497	85.87230426653993	76.8587982657038	73.09594810631985	81.9550623903236	60.245183784111966	85.84712592498931	71.6284532514899	93.0568948891033	65.75670079243896	86.42655899416627	87.55859416515361
1285	8.312581350601166	77.24770036638331	86.00558218747226	79.68289857322873	83.12336438548755	89.9674901625634	90.74170590747974	79.10205425354422	90.54188720248739	83.80567832519094	91.3227732034648	90.98034687890365	98.87791741472174	78.64582365884604	92.26686507547944	93.39925708741535
1286	6.591195624460772e-2	57.66298053685974	48.65543610580155	54.80287473264944	57.89988988278607	58.49977555742099	62.199588833466834	63.80656524506757	58.73434317519417	38.758802922614855	52.12845648647354	57.33687661826682	81.72142526608079	51.103689964807586	63.953329605695906	67.85900014239328
1287	9.001452390231517	86.55769486673981	65.9962045305704	77.85024381556822	87.13655572251785	85.07736955399113	68.61190389125088	91.15525784829687	89.72521379671667	66.11657360809846	88.37397842008964	86.05864189637224	99.15194346289752	76.88583578662586	91.82798930917285	93.36278729226348
1289	13.425864011346656	72.80424526004664	69.77838069374016	79.351678855912	67.42611675747996	79.99757593192014	79.86478582137812	81.591199925769	73.06037777444688	71.23745324386293	77.71432862460823	79.70436859745001	94.77244772447744	71.54139707716845	82.48738689421387	83.39944269580457
1290	9.360061226387728e-2	89.58316013461148	93.2069790000507	93.62229166002307	94.40388808298536	93.2069280587918	87.06332682688992	93.11067833647083	94.11795104982068	94.27267104647369	93.4928650919565	94.01096131983888	96.5694682675816	85.99687339385711	95.60909646712537	95.92117631376121
1292	4.048429146504015	86.46965707827505	84.66110342818692	90.39826044337111	90.13604963181686	86.88732180717076	82.9468162553686	89.43390895972618	88.50262672867531	81.28005939432586	80.82593319991298	78.17603037631022	96.54278305963693	78.67932416819873	92.35083641625846	93.45881805432859
1296	7.894049801490988e-2	71.19351532904136	65.12490553171394	70.95665941606049	90.97901016126347	81.13303656128411	72.91944145178634	60.74203133447389	75.97061511154479	74.34810910434012	78.00762018903819	70.52276200491288	97.31136166522104	67.50811356745116	76.29773930297307	77.09408156783056
1297	18.959924984219704	84.46354102928295	82.36023943238528	89.98587959766047	93.25865128334297	92.52082154790521	88.76516713408887	91.51008910624736	93.30908195623185	87.19620606547409	91.91645957662115	85.12952136644151	96.49973074851934	83.93500419989526	93.1148567702221	93.73388748363423
1300	4.352841327472847	80.44781875326295	69.80897161744221	83.849279980551	88.09431412682461	83.34932803101397	85.59633540264744	87.00791029701458	85.3711877876481	85.59633540264744	85.07882044142191	81.99751847692242	91.96832579185508	76.32657311324883	86.33570970194206	87.01475048540883