SB8	CF2	NG2	KO2	NMSD2	CB3	PP3	KO1	NMSD1	PP4	CB4	NG1	Ground-truth
0.2726135889942249	0.866194247604006	0.7778240933710104	0.8978741142134552	0.8912046686130759	0.9437265527314881	0.81825760733622	0.9245518966228213	0.9137140475210104	0.762401000415691	0.937057107129153	0.8265944143380816	0.75739891621586	0.9999999999987156
2.38970588060462e-2	0.7977941176557883	0.7867647058887387	0.7748161764806356	0.8460477941061373	0.8216911764795366	0.7431066176420983	0.8115808823634897	0.8299632352839407	0.7403492647006783	0.7899816176574683	0.8157169117607065	0.6732536764669566	0.9999999999700724
1.218769043266301e-3	0.9165143205424724	0.8622790980986974	0.9457647775876238	0.9408897014027544	0.9646556977590622	0.8610603290562746	0.9152955514978142	0.9250457038321048	0.8677635587942386	0.9719683120186591	0.8951858622653129	0.9311395490584434	0.9999999999861805
0.1826923076922919	0.9642857142857186	0.9065934065933801	0.9853479853479595	0.9798534798535063	0.9862637362637621	0.9418498168498125	0.9798534798534848	0.9839743589743855	0.9432234432234389	0.9844322344322602	0.9152930402930137	0.9528388278388014	0.9999999999999734
1.1019283746556473e-3	0.803856749311515	0.8424242424243893	0.8892561983473953	0.886501377410194	0.9548209366397932	0.8435261707983299	0.9068870523415776	0.8920110192832601	0.8473829201096246	0.9415977961439378	0.9101928374657114	0.8534435261705502	0.999999999999269
7.908264136022143e-4	0.9489916963099753	0.8695136417359219	0.9624357453497325	0.9315935152085586	0.9829972321268127	0.9612495057522106	0.9750889679721271	0.9470146302714005	0.962831158579415	0.9829972321268127	0.877817319078966	0.9576907868838576	0.9999999999802064
3.179968083415066e-2	0.7283490719573915	0.5372123978548863	0.8166441634033953	0.8200271143156587	0.8288227641189946	0.725981039177653	0.8501353539083496	0.7814614828160237	0.5923545301817781	0.7902571550440276	0.763193453641023	0.6840324280626642	0.9999999481488601
0.17514124292455757	0.645278450372782	0.5359160613286332	0.7389023406073555	0.7550443906297392	0.7530266343836342	0.7736077481965401	0.7667473769326393	0.8075060532615118	0.7800645682149053	0.7138821630368346	0.6234866827928262	0.6146085552753353	0.9999999999699896
7.045697798376115e-3	0.7740310958256268	0.7956720581992028	0.537493601791416	0.796174847101536	0.9023656820545743	0.6024154030419163	0.8580777104901641	0.8002010170168823	0.7861095056431774	0.9058885817706713	0.792652431296151	0.8017113210397042	0.9999996908232861
6.255749769247722e-2	0.8178472860986081	0.710671573123256	0.8546458141495955	0.8716651334067149	0.8500459981738979	0.7994480220829291	0.8210671573161008	0.880404783825525	0.7608095676194422	0.8629254830024023	0.50137994477488	0.8091076356967666	0.9999999999618694
8.673789905684176e-2	0.9182903818527163	0.874921433057889	0.7580138276283632	0.8623507212745364	0.9484600898155732	0.8793211831229621	0.8554368321857221	0.8856065352278322	0.8793211831229621	0.9553739804451488	0.8893777498397869	0.8409805152352287	0.9999999981649931
2.9850746250780824e-2	0.8037313433022193	0.7496268656704232	0.8007462686721882	0.8227611940490547	0.7395522387892172	0.7996268656877554	0.7932835821074061	0.8902985074477586	0.7828358208932247	0.7910447761017737	0.7514925373130217	0.8421641790881302	0.9999999999776709
2.7462121192636278e-2	0.6467803029904585	0.4673295453790048	0.7485795453910168	0.7907196969852653	0.7135416667022121	0.8115530303048015	0.8849431818588264	0.9195075758483169	0.6013257575911957	0.39441287880612014	0.671874999912088	0.6586174243096043	0.9999999999027396
6.862133499688085e-3	0.9575195721099455	0.797195180344675	0.9763544141654491	0.9919501721196241	0.9988123056189069	0.9593910630647443	0.9863356992559045	0.9919501721196241	0.9699961784733532	0.993821663073746	0.9494097779739505	0.9681246875188928	0.9999400337443143
0.2675781249842233	0.8527343750152566	0.8644531249995057	0.9503906250161966	0.9343749999995717	0.8249999999999706	0.9207031249847695	0.9562500000161682	0.9542968749838495	0.9140624999847692	0.8437499999999707	0.9035156250152244	0.8882812500004637	0.9999999999836827
3.3431085043601635e-2	0.7431085043912816	0.6926686216934789	0.8598240469158769	0.8668621700943349	0.9008797654033329	0.7307917888561203	0.8193548387055808	0.7495601173065859	0.5982404691989163	0.8733137829988813	0.7777126099718312	0.7683284457539116	0.9999999999893586
2.2099447513758513e-2	0.74423139421527	0.6278843028920402	0.8807279818008206	0.8222294442640931	0.8079298017550042	0.7825804354891729	0.8215794605138304	0.7663308417288498	0.8241793955151664	0.8254793630161323	0.7117322066943186	0.6386090347737263	0.9999999999992106
2.094634681777838e-3	0.7520946306302125	0.7018159817074399	0.7234633528672509	0.7510478232806539	0.8152936384221374	0.6616616694166144	0.8020248067461323	0.726955643441694	0.7318435721114362	0.7957405651524155	0.6648044680502314	0.6602653585895546	0.999999653092651
4.6153846153783776e-2	0.9153846153849787	0.8870192307632089	0.9668269230836234	0.942788461545877	0.8538461538444931	0.9086538461451933	0.9586538461624909	0.9711538461619693	0.9028846153759624	0.8461538461528688	0.901923076918675	0.7374999999990232	0.999999999991243
0.14257028112449666	0.8659638554216859	0.7389558232931711	0.9241967871485954	0.8815261044176693	0.9673694779116481	0.8644578313253027	0.9322289156626521	0.8940763052208822	0.8674698795180737	0.9558232931726918	0.893072289156625	0.8112449799196776	0.9999999999999981
2.6132404180041435e-2	0.8118466898934757	0.712543554006872	0.8437862950097361	0.8600464576104503	0.8530778164935481	0.7729384436685571	0.8838559814206096	0.8519163763070519	0.7642276422739672	0.8542392566776852	0.7526132404149573	0.7224157955853375	0.9999999999910781
8.406893652795292e-4	0.9243379571248449	0.846574190836478	0.9676334594367295	0.949558638083236	0.9949558638083312	0.9428331231609947	0.9655317360235307	0.8755779739386326	0.9361076082387585	0.9550231189575537	0.8823034888608581	0.9525010508617041	0.99999999999999
8.661758336942399e-4	0.9242096187872395	0.7007362452138285	0.9753139929853271	0.9644867908179631	0.9874404546566042	0.8882633132078316	0.9722823775666403	0.9722823733212113	0.6162841014278403	0.9852750150723686	0.9419662148980528	0.9679514899088638	0.9999999957543861
1.1785503830288745e-3	0.9505008839127955	0.8880377136122146	0.9829110194460896	0.9652327637006757	0.9693576900412624	0.9681791396582254	0.9781968179139607	0.9740718915733686	0.9681791396582254	0.9640542133176258	0.8992339422509888	0.9393046552740248	0.999999999999955
9.021199819576004e-4	0.7920613441541059	0.787550744254065	0.8601714028051152	0.8741542625239869	0.8331078033347903	0.756427604866814	0.869192602619785	0.881822282370084	0.7469553450570343	0.8191249436110731	0.8073973838502256	0.70365358592043	0.9999999999857705
0.11856287424378305	0.8411177644752493	0.6754491017878174	0.8626746506931113	0.8299401197541723	0.8455089820455034	0.7457085828395964	0.8179640718558363	0.8850299401269777	0.7588822355347393	0.8355289421246463	0.777245508974705	0.6431137724498422	0.9999999999888753
5.023640661933595e-2	0.8274231647043989	0.6477541333615476	0.8747044945440097	0.8410165456449795	0.9172576870207061	0.8250591050704554	0.8959810910355137	0.8977541406218256	0.7878250555373124	0.9550827462601377	0.7405437312428579	0.8297872302497965	0.9999999959217362
1.010611419909045e-3	0.9242041435068205	0.8827690752905415	0.9429004547751436	0.935826174835777	0.9610914603335076	0.9398686205154155	0.944416371904997	0.9444163719050039	0.94946942900455	0.967660434562916	0.904497220818586	0.9444163719050033	0.9999999999999902
1.3764624913971094e-3	0.8465244322104213	0.8430832759802522	0.8389538885068635	0.802477632482203	0.8100481761878615	0.9311768754327078	0.848589125946347	0.7983482450077145	0.9008947006219838	0.7515485203022869	0.858224363385476	0.850653819682604	0.9999999999972524
5.230125523012552e-4	0.8812761506276909	0.6501046025102831	0.896966527196813	0.8190376569035932	0.6987447698744312	0.8535564853557862	0.8823221757323328	0.8080543933053392	0.8582635983265428	0.7594142259413713	0.6924686192467318	0.7343096234309615	0.9999999999997876
7.717803003967219e-2	0.8626893938708783	0.8158143935696005	0.8655303033216561	0.8982007578060521	0.8934659094630971	0.8868371210115655	0.8219696971308457	0.8982007578433179	0.8693181816176262	0.9228219700304979	0.7722537875087946	0.8527462119378137	0.9999999996202855
1.7914354115258768e-2	0.7620794627849282	0.60958325770623	0.870419063528477	0.9062527540704208	0.8950038280111081	0.5645807187454123	0.7637475626231789	0.9212526981912368	0.5908311721839355	0.9216704692164402	0.7120794361266102	0.8116680799750462	0.9999956330955803
8.441870782947931e-2	0.8147612236844718	0.6560540215849665	0.8572117801619863	0.8721659511393595	0.8523878381092936	0.6989869786962979	0.8268210400551989	0.8591413492529435	0.6821032277721948	0.8109020685474561	0.704293288672768	0.5436565282853667	0.9999999895834589
0.22166747468881035	0.9345980788549565	0.9186220428733919	0.9291063644844635	0.9076385661827787	0.9545681719396804	0.8741886927427424	0.9266101089000196	0.9166250864321023	0.8741886927427673	0.9321018713666769	0.9011482536061757	0.9036445332744236	0.9999999757886833
1.2861736334405145e-3	0.843086816720245	0.8681672025723467	0.8971061093247524	0.8881028938906949	0.8790996784566069	0.8237942122186058	0.8913183279742569	0.9196141479100123	0.7762057877813047	0.9401929260450713	0.8508038585208769	0.8212218649517844	0.9999999999999373
9.362762538111925e-2	0.7479530082859157	0.5628337486215041	0.7597009611758692	0.7864008545459474	0.7977928089160993	0.6098255606126567	0.7109291562215301	0.8059807762238014	0.632609469537615	0.7422570309632259	0.5653257386069575	0.7443930223836722	0.9999999998215656
6.328532877604058e-3	0.7302215190379686	0.7381329162004429	0.9026904464897955	0.8876582291919874	0.9319625917131156	0.7816453080985543	0.8837019562185365	0.8647151912135856	0.7721519054804585	0.8172468328996608	0.7428794379597119	0.8330701915246903	0.9999994142832822
1.4388489208632846e-2	0.9808153477253213	0.8908872901643895	0.9682254196677456	0.9700239808188406	0.9682254196607919	0.9004796163036579	0.9796163069579326	0.9658273381327503	0.8806954436416684	0.9718225419629498	0.8998800959197846	0.955035971226421	0.9999999999964618
0.2429974535983316	0.8868679520021533	0.8122953801028842	0.9185158239450293	0.9156056748424309	0.9523463077957269	0.9003273917288007	0.8512186248950067	0.9203346672010704	0.8224809021195953	0.9552564569604309	0.8526736995147015	0.6809748999231309	0.9999999999319216
0.435340572555656	0.8884501481478159	0.7384007897412969	0.7152023691239161	0.8593287265703149	0.7329713721157168	0.7773938795681572	0.9002961501143413	0.8978282329024088	0.7556762092361614	0.5839091805778698	0.8627838105336503	0.8869693979039782	0.9999999999166262
1.3249211356466877e-2	0.8889589905362819	0.7596214511040965	0.9596214511041052	0.9034700315457455	0.9457413249211403	0.8624605678233394	0.9495268138801216	0.9135646687697202	0.8700315457413208	0.9671924290220866	0.9198738170346962	0.9186119873816991	0.9999999999999952
3.6456434560699566e-4	0.9434925264345461	0.8479766678778035	0.9722931097301266	0.9172438935437964	0.9810426540325949	0.9168793292018277	0.9741159314653194	0.9434925264345051	0.9168793292018277	0.9792198323045995	0.8592781625916205	0.9358366751690372	0.9999999999957776
0.11899416239731281	0.7539290524045156	0.5671306685505576	0.8396946570879583	0.8679838354385165	0.8212842383603377	0.7382128424894157	0.5424337670947209	0.8190390659382352	0.7314773235814582	0.8239784467539109	0.41266277457997397	0.7894027845287379	0.9999999992293168
0.24256035933310957	0.909039865238153	0.5912408759030201	0.9107243121966706	0.9208309938419038	0.8938798427791623	0.811341942707628	0.8826501965316804	0.9017405951928198	0.8074115665380421	0.8528916339077804	0.6934306569145755	0.7944974733402617	0.9999999999779761
0.12956810631227736	0.8599114064228561	0.7165005537095316	0.9324473975641479	0.9318936877076406	0.9363233665559451	0.7812846068655092	0.903100775193962	0.9446290143967706	0.736987818382674	0.9025470653374646	0.7962347729792815	0.8842746400890805	0.9999999999995048
5.669679539728509e-2	0.8619556286632295	0.7621199669812837	0.8870172556380947	0.9071487265999127	0.7649958916307046	0.800739523198195	0.9108463436489336	0.9059161875659633	0.7908792109549465	0.8167625305999393	0.8299096136417689	0.8677074774907517	0.9999999997725155
0.10152990264254451	0.9452943903570213	0.8266110338432642	0.9105238757533617	0.9007881316644019	0.9244320815948016	0.9184051923968156	0.942976356050099	0.9244320815948719	0.9063514140009044	0.944830783495596	0.9091330551691754	0.8502549837737196	0.9999999999999224
2.2058823529411764e-3	0.893382352941177	0.7536764705882358	0.9463235294117657	0.904411764705881	0.9536764705882358	0.9102941176470574	0.9544117647058824	0.9022058823529399	0.8610294117647047	0.9514705882352954	0.919117647058825	0.9455882352941176	0.9999999999999984
5.385329619130951e-2	0.8152274837755211	0.831012070540424	0.9447539461878441	0.9057567316882578	0.857010213604572	0.7906220983723574	0.9257195915060872	0.8983286907905134	0.7822655524125289	0.9076137419260206	0.845868152227831	0.402971216291535	0.9999999999436958
7.990762057925738e-2	0.7200923790922381	0.6175519630657206	0.8258660504831711	0.8170900693689116	0.8036951501094703	0.6637413392713906	0.8240184762351267	0.8614318712186906	0.6937644342159646	0.8281755196219137	0.7117782906953969	0.6951501154789212	0.9999999992251767
6.1751151370245325e-2	0.6105990781993108	0.5165898614883735	0.6479262675737206	0.6866359445348605	0.705069124841525	0.5880184334017666	0.6746543779622498	0.6820276495692644	0.621658986427193	0.6018433181431715	0.5423963130302902	0.5368663597586939	0.999999999037921
0.3879464285714429	0.8687499999998441	0.7075892857140224	0.9191964285709564	0.9415178571441818	0.8633928571426024	0.9013392857143068	0.9205357142863554	0.9517857142868712	0.7562499999999215	0.9044642857148025	0.855803571427338	0.7571428571416311	0.9999999999983658
7.410151908113654e-4	0.9136717302704715	0.8632826972952925	0.9103371619118245	0.9351611708040009	0.9210818821785872	0.8399407187847324	0.9355316783994143	0.8484623934790633	0.8536494998147435	0.8610596517228578	0.8373471656168929	0.8773619859207114	0.9999999999999851
0.1181244364292151	0.8728584310189467	0.8219116321007756	0.9044183949505064	0.9332732191165186	0.8381424706942244	0.9125338142471809	0.8823264201982963	0.9134355275024693	0.8949504057710707	0.79801623083847	0.8719567177636054	0.8773669972947773	0.9999999999996508
0.2832208899571829	0.841214676751094	0.8406380402205714	1.3916820840015038e-2	0.8356435811888397	0.8759531953980619	0.9118951790870271	1.3916820840014986e-2	0.8802298294977258	0.9118951790870271	0.9311649039601615	0.864204486882079	1.6477304542384812e-2	0.9969855027205125
8.14663951120163e-4	0.9503054989816742	0.9254582484724997	0.9661914460285175	0.9356415478615098	0.9063136456211776	0.9494908350305468	0.9686354378818789	0.9503054989816726	0.9503054989816669	0.9800407331975618	0.9551934826883857	0.959266802443988	0.9999999999999931
8.591909993528611e-2	0.9510730492110955	0.9277582035463314	0.9376801964520041	0.9593615229198572	3.489632191814775e-2	0.9362221145088986	0.9376778416579554	0.9536217266653969	0.9170894617925898	3.1707546407943675e-2	0.9309469790565355	0.959641226626755	0.9998197743110252
1.3966480446927377e-3	0.9243719510019135	0.8938535054833117	0.9743716955850071	0.951606686977276	2.2555018100086765e-2	0.9571940447763541	0.9673885099936868	0.9488134501367869	0.9571940447763541	2.2555018100086765e-2	0.8903618854018948	0.9450414518387142	0.9995090606875014
2.2982626589149995e-2	0.7538304375606878	0.5086823144254533	0.7150153221937873	0.7706843796572007	0.8764045055151524	0.3953013189611442	0.8008171570324617	0.7982635416120996	0.4295199176319471	0.7860061399228481	0.551583230611111	0.7951992000488571	0.9999999810934516
9.469562083282995e-2	0.7468850128065717	0.5639017442142906	0.753648985372344	0.7903168391989225	0.7985048062541259	0.6108935561537848	0.714133143289435	0.8066927736977738	0.6340334638114511	0.7404770380749229	0.5656817369804981	0.7468850123037926	0.999999999457944
7.53977402593197e-2	0.8201521789535375	0.7127046344576317	0.8067788794567747	0.8586580586723975	0.8441318884580917	0.6873414802681254	0.7982476366669032	0.8644224120040253	0.6324648373425265	0.8455153331451447	0.6917223885676278	0.8017062485978546	0.9999999997284763
8.008817046049656e-2	0.6840558412946766	0.6884643644365966	0.7553269654622133	0.7781043350526028	0.8515797208001893	0.7905951506246355	0.7612049963232782	0.7538574577510824	0.7347538574578175	0.7847171197650229	0.6671565025699672	0.7296105804553207	0.9999999999909293
1.367053998632946e-3	0.7826384142344857	0.5105946684662119	0.8024606972188643	0.878332194147171	0.8721804511432307	0.7053998632743104	0.8564593301288819	0.9049897471205733	0.7067669172729434	0.8995215311183404	0.7778537252011097	0.7224880382536226	0.999999999971936
1.3633265167007508e-3	0.884798909339064	0.8834355828226793	0.8261758691205168	0.9297886843910305	0.8588957055213422	0.811860940693947	0.8895705521467809	0.912747102932628	0.7593728698010287	0.89366053169782	0.874573960462587	0.7982276755286408	0.999999999997952
1.466243687320531e-3	0.6441837734957206	0.4178885660259087	0.6788856455424094	0.6304985372756956	0.4149560100158899	0.683773229225441	0.704789850796613	0.6221896381023789	0.725317663276086	0.6265884640268633	0.6412512333244648	0.6148582606207922	0.9999999642971219
5.502239283429133e-2	0.9309021113243394	0.6461932181701453	0.9552143314139839	0.9085092770313825	0.9398592450416223	0.9648112603966329	0.9481765834932586	0.9616122840691324	0.9699296225207532	0.9763275751759821	0.9085092770313548	0.938579654510555	0.9999999999999537
2.6385221556160265e-3	0.7610440833103141	0.336875941259338	0.5721765038358709	0.7977934738656328	0.7273127978757182	0.37824317596698703	0.4781324141778418	0.7661418130486376	0.33339815346948637	0.7322036307147932	0.3884224002217694	8.028646910088802e-2	0.9990276574513257
1.5864621893178213e-3	0.9185616076151236	0.891062929666758	0.9307244843997685	0.9539925965097319	0.9666842940244899	0.8804865150712009	0.9434161819142921	0.9365415124272615	0.8466419883657748	0.9714436805924976	0.9487043892119722	0.913802221047242	0.999999999999774
5.778003030464444e-2	0.7643182963858358	0.18601114937638827	0.8803852008415466	0.8357830716942121	0.8930562604435024	0.8175367463001143	0.8971109997634781	0.7835783063568137	0.24885960447460376	0.8413583373779453	0.7247845906379338	0.7638114555562234	0.999999998570144
1.3404825737265416e-3	0.8471865558663257	0.9383451222093498	0.8431574122314136	0.8170177648965351	0.8337729731947935	0.9477284337442536	0.8599122504530096	0.6474457625131832	0.9450474685968006	0.7566986913660138	0.9383451222093498	0.9477285002091547	0.9999926793721197
5.7318947682811754e-2	0.8055469943211737	0.7697996950333308	0.8265023113036647	0.8668721145420896	0.8237288152843408	0.7411402118839125	0.7574730352703868	0.8862865984381452	0.6921417525297355	0.8317411417040776	0.5023112468523201	0.749152543447556	0.9999999939308386
2.854938271602067e-2	0.8094141659688475	0.43132657494021304	0.8850302782125082	0.926698114600986	0.9328709612750721	0.8109562077336752	0.8526228658896516	0.8935191041943371	0.27006113839945106	0.9583339240474259	0.7330241055423472	0.7291672494629695	0.9999994085628724
0.10879999997387842	0.83466666666642	0.7434666666768677	0.8554666666820047	0.8490666666430473	0.843733333300847	0.8826666666871446	0.9018666666823288	0.8474666666632964	0.8608000000209416	0.8021333333264665	0.8160000000161247	0.7631999999934408	0.9999999999577361
0.18733225979128537	0.8883521196533872	0.8722490600475757	0.9656468068183871	0.97316156796503	0.9731615679706933	0.9275362312778305	0.9704777246917206	0.973161567971756	0.9071390224748247	0.9672571127908758	0.9012345672939445	0.9345142237774097	0.9999999993864135
1.367053998632946e-3	0.7833219412955291	0.5126452493987925	0.8024606972740256	0.8769651402178706	0.8735475051971601	0.7074504442047992	0.8475734790842923	0.903622693191354	0.7053998632068501	0.8885850991916778	0.7805878331371657	0.7224880381945792	0.999999999896812
1.878787827124859e-2	0.6739393938101067	0.706060605531756	0.7599999997703538	0.6424242421246441	0.7836363633627049	0.8133333340022187	0.7721212124012518	0.654545454506403	0.7866666674754209	0.7454545461452188	0.7030303028455365	0.5793939391383576	0.9999999990600396
0.11535008976660108	0.9582585278276503	0.9605026929982012	0.9367145421903089	0.9676840215439831	0.9407540394973062	0.945242369838427	0.9645421903052056	0.9699281867145443	0.945242369838427	0.9542190305206449	0.9789048473967692	0.927737881508071	0.9999999999999859
8.438818565400844e-4	0.8375527424154354	0.7877637128573661	0.9227848103498177	0.9611814348100883	0.9421940930535386	0.8962025314166314	0.9413502111841144	0.899999999780801	0.8139240504039732	0.9569620255451777	0.8991561179199233	0.9514767934698392	0.9999999997670558
0.1707848837201212	0.7986918604649634	0.8691860465125942	0.8590116279074614	0.8241279069765081	0.8873546511630903	0.7928779069767184	0.811046511627885	0.811046511628469	0.7776162790695236	0.8895348837203825	0.8015988372091695	0.747819767441698	0.9999999999980104
2.8549382716037953e-2	0.8078704900543974	0.4359566695405735	0.8842591386340478	0.9266976505260165	0.9328704915512676	0.8155863002057555	0.8526233356105947	0.8904322192791347	0.26388877128674737	0.9567902446811445	0.7376542003110843	0.7245371546174056	0.9999998786559239
0.10800744878950462	0.8296089385476222	0.6620111731841033	0.9324953445067236	0.9259776536311756	0.9068901303539205	0.8780260707636593	0.9366852886407184	0.8645251396648487	0.8761638733706432	0.8878026070762998	0.8393854748601451	0.7728119180631458	0.9999999999996405
0.11936758893280637	0.821343873517777	0.7683794466402938	0.8924901185770633	0.9343873517786973	0.8948616600790547	0.6308300395256655	0.9201581027668173	0.8806324110672037	0.6007905138340015	0.8845849802371529	0.7407114624505665	0.9462450592885477	0.9999999999999564
4.9665711556828786e-2	0.8505253104106979	0.723018147086914	0.8954154727793712	0.9068767908309464	0.7550143266475633	0.861031518624641	0.8467048710601726	0.9016236867239741	0.9001910219675254	0.6752626552053475	0.7612225405921694	0.6189111747850997	0.9999999999999978
3.700189746565562e-2	0.7376660342304443	0.6646110056178002	0.8002846300504756	0.6930740037889046	0.823529411850114	0.8007590132147862	0.7689753321433197	0.7073055028431647	0.7400379505848462	0.8249525617503017	0.7087286527337524	0.7333965843702053	0.9999999998990159
4.5538685491942704e-2	0.86745649767593	0.8034061456567386	0.9574231803232656	0.9696408778359519	0.9626064422450394	0.878933724229239	0.9466864164925571	0.9470566458904562	0.7663828210335137	0.95631247315562	0.911514249932237	0.9189189225970483	0.9999999958752384
1.265022137887413e-3	0.8716002547959601	0.7052498407505815	0.6464263132789123	0.8374446585395972	0.8545224571792024	0.6888045506998541	0.7672359277843971	0.8051865940228811	0.6521189087336159	0.7691334603743912	0.7488931028177426	0.6691967077398403	0.9999999963939362
7.22543352601156e-4	0.928829479768788	0.7792630057803447	0.9609826589595374	0.9552023121387304	0.9244942196531793	0.9396676300578013	0.965317919075147	0.9533959537572275	0.939667630057801	0.9367774566474006	0.9559248554913277	0.9595375722543331	0.9999999999999959
0.43059490075344703	0.8838526911217149	0.8611898016988901	0.9110481586458844	0.9722379604311486	0.9439093484478773	0.8764872521123486	0.9359773371161028	0.9631728046253452	0.8708215297327451	0.975070821632467	0.8951841358908535	0.9218130311610946	0.9999999998957669
1.639344262295082e-2	0.7799495586360949	0.7440100882701456	0.9218158890301643	0.9331651954596991	0.9627994955885598	0.9174022698620792	0.9073139974799297	0.9401008827232498	0.9211853720059503	0.9703656998767137	0.9098360655711155	0.9142496847396729	0.9999999999969545
6.775240948006693e-2	0.869055412747398	0.662540711876504	0.8019544262501643	0.8879479209945321	0.9068404288413762	0.8436481702493903	0.7758957274491391	0.8912052444836032	0.7726383982624263	0.8684039469377719	0.881433195878318	0.8456025733013187	0.9999999617155275
0.2929133858267022	0.781102362204773	0.7133858267716607	0.9123359580055986	0.8787401574800692	0.9506561679793265	0.8435695538057071	0.899212598425497	0.8708661417320404	0.7669291338581826	0.9396325459320755	0.8215223097109716	0.6083989501308535	0.9999999999995538
3.881987577639754e-4	0.8598602484476426	0.6688664596274804	0.8847049689452193	0.888586956522908	0.8253105590057349	0.7927018633529842	0.9126552795032352	0.9083850931691999	0.7814440993779442	0.7996894409931572	0.6746894409932741	0.7065217391295043	0.9999999999975775
6.553276225130104e-2	0.9159579769624617	0.6988494223916436	0.8849424744958708	0.8429214604093671	0.9299649834177494	0.8784392207096262	0.9414707393241334	0.7993997003066878	0.8509254614680497	0.8334167083560888	0.8444222119756238	0.8774387188432629	0.9999999953490687
5.055611729019211e-3	0.8993933265925177	0.9130434782608695	0.8725985844287159	0.872093023255814	0.8938321536905965	0.8442871587462083	0.9332659251769464	0.8731041456016178	0.8650151668351871	0.8230535894843276	0.9266936299292214	0.724469160768453	0.9999999999999999
8.939526584935438e-2	0.6441717776246321	0.5337423307776722	0.7077125348903345	0.7344434726960356	0.7703768644920821	0.5964066604461067	0.658194564420861	0.7453987745466081	0.5841367217587011	0.6498685357364054	0.6454864146991904	0.4198071862658615	0.9999999975237468
7.471486124792517e-3	0.7337790035444317	0.4632324021724377	0.7459693257455414	0.5847424298646005	0.775855291170342	0.7396775473739197	0.7443963800863429	0.63782933522223	0.7031065642383273	0.7770350014414805	0.6983877315955831	0.7188360227593705	0.9999999945955209
9.77517106549661e-4	0.6412512218992115	0.42228739002035703	0.6915933528832348	0.6290322580593468	0.414956011712191	0.6837732160432485	0.7043010752875336	0.6187683284407393	0.7253176930796393	0.6246334310712961	0.645161290317951	0.6187683284465336	0.9999999999620731
2.913135544946183e-2	0.9661016947510244	0.9126059323768418	0.9804025431878248	0.9242584737789721	0.9544491523922798	0.9528601696455825	0.9751059329873262	0.9247881347958562	0.9427966098409006	0.9698093218840269	0.9152542374360125	0.940148305880528	0.9999999991810739
6.93606755125882e-2	0.9632086851627709	0.8709288299156357	0.9511459589867335	0.9221954161640551	0.9806996381182127	0.9113389626056244	0.9360675512665881	0.8841978287092902	0.9348612786488956	0.9740651387214299	0.9010856453558481	0.958986731001205	0.9999999999999202
0.14519535374867878	0.930834213305174	0.894931362196402	0.959345300950378	0.9398099260823707	0.9609292502640017	0.9355860612460298	0.9593453009503772	0.9318901795142616	0.9281942977824602	0.9551214361140536	0.9144667370644063	0.9287222808870019	0.9999999999999885
0.2985714285714286	0.9271428571428572	0.8742857142857143	0.9785714285714285	0.9521428571428572	0.9857142857142858	0.9528571428571428	0.9635714285714285	0.95	0.9528571428571428	0.9892857142857143	0.8678571428571429	0.9721428571428572	1.0
6.680026720106881e-4	0.8780175613654921	0.6026879099518021	0.9383912939384619	0.9190207266401393	0.9647802673460769	0.8050942559774487	0.9359437291990557	0.9243645335287699	0.8057622443105779	0.973464330859619	0.7282753430873308	0.6297419836418792	0.9998154343113164
5.295007563809115e-3	0.8687594553711404	0.7216338880482843	0.8732980332833995	0.8891830559776732	0.8358547655075275	0.7961422087734483	0.8377458396368648	0.8657337367641335	0.8158093797266655	0.8214826021185925	0.733736762479198	0.8067322239015352	0.9999999999972004
9.569377990430618e-3	0.8612439994293289	0.8173843425677669	0.9784689312635175	0.937799023547452	0.9649123124921996	0.7711323446286139	0.9346092701085084	0.9282296925194936	0.6834130463829998	0.9696970011060323	0.9162679151355477	0.9290271287905201	0.999999968206873
0.14704255650292852	0.8507462600915359	0.8623549001704361	0.9215035851586326	0.9275842931049836	0.9579878478482788	0.8551685921776127	0.8960751878619485	0.9546710977012938	0.8590381333602782	0.9469320159084714	0.8839137724763181	0.8170259809550621	0.9999999907069342
4.516845538335315e-2	0.8663457978409366	0.8022954461319999	0.9611255098042322	0.9696408745055072	0.9629766753195532	0.8796741939899272	0.9485375794108016	0.9470566456980031	0.7663828211728229	0.9548315431420303	0.9115142532333435	0.918548686410362	0.9999999992336241
3.753026634382567e-2	0.7966101694915173	0.831315577078282	0.8837772397094471	0.8966908797417241	0.8692493946731276	0.7913640032284149	0.88740920096852	0.8861985472155044	0.8761097659402777	0.9011299435028304	0.7889426957223459	0.8135593220338998	0.9999999999999738
0.2123217926920225	0.6797352357145323	0.3996944926830567	0.650203665323149	0.5336048941799197	0.6211812689928086	0.6588594722539776	0.6064154753185589	0.7841140619198586	0.3711812544151034	0.6685336073407494	0.40376781374764503	0.5173116085025228	0.999999990196691
1.2795905310300703e-3	0.8528470889443425	0.7428023032470625	0.9756877799222046	0.9443378118884159	0.9827255278480116	0.9264235444519463	0.9692898272691052	0.9219449776097342	0.9264235444519463	0.9731285988652851	0.9021113243592805	0.8803582853461179	0.9999999999830782
2.1671267451696074e-2	0.7237704038826991	0.44065994691906707	0.852425334475677	0.8169936699903814	0.911248896562088	0.7911936135865298	0.7801859041111382	0.7991058197435722	0.7602338405637297	0.8940493760949985	0.5046433518168215	0.6628828403390118	0.9999993845041943
1.4453125e-2	0.948828125	0.9546875	0.96953125	0.96484375	0.976171875	0.965625	0.963671875	0.940234375	0.965625	0.984765625	0.959765625	0.914453125	1.0
3.2258064516128776e-3	0.7059139784736316	0.6967741935475015	0.8091397849643662	0.9064516129107357	0.8860215053850858	0.8865591397703655	0.9446236559362639	0.9080645161386455	0.8467741935271206	0.9263440860294738	0.8306451612804261	0.3467741935417246	0.9999999999764282
0.1679929265939026	0.6648983200417343	0.713085764797014	0.7161803713991421	0.781609195433334	0.7979664014279424	0.7851458885870608	0.8028293545910772	0.8408488063911316	0.7139699381193096	0.6114058354923256	0.7625994695139433	8.576480983788637e-2	0.9999999998887427
6.138735420504221e-4	0.9303253532715607	0.7915899315150251	0.9530386745638577	0.9395334563269959	0.9668508296993364	0.88305708930425	0.952424801438333	0.9591774102781416	0.8842848363883506	0.9588704736408222	0.8839778995826005	0.8763044803311307	0.9999999990224007
2.077258446389667e-3	0.5612796061211545	0.7158288372488409	0.7424179558591805	0.675529712132043	0.7548815955718712	0.7341088330497435	0.7860407191231074	0.6759451670937974	0.7519733946802879	0.6963024581709777	0.5193186584155485	0.5924387203823667	0.9999999829088954
0.16352201257861632	0.9502845163222527	0.9302186283318352	0.9856244384546266	0.9763402216232411	0.9937106918239	0.9541778975741234	0.9793351302785258	0.9784366576819412	0.9541778975741234	0.9916142557651998	0.9676549865229116	0.9589697514225811	0.9999999999999993
1.1123470522803114e-3	0.7797552836485366	0.5350389321353378	0.7619577308121078	0.8375973303688525	0.8737486095806252	0.728031145717545	0.8170189099044777	0.8253615127922718	0.6590656284713539	0.8309232480625904	0.6629588431457006	0.6590656284747937	0.9999999999773215
7.11997152011392e-4	0.78996084015609	0.791384834461016	0.8675685297253558	0.8038447846203859	0.8960484158070374	0.815236739052511	0.8850124599503673	0.8590245639015474	0.8237807048766477	0.9323602705596425	0.7999288002850784	0.8319686721258455	0.9999999999990834
1.6835308223651823e-2	0.6384237518909439	0.19707629547245328	0.707131604254535	0.7332614307029675	0.21689013594113732	0.644701185752778	0.7214301898426249	0.6868214953338012	0.6674608201236505	0.2038055484720287	0.16115550625853972	0.5852396856265472	0.987795947957541
7.539774031967046e-2	0.8201521789121223	0.7083237260377744	0.8120820844005994	0.8635001153435677	0.8450541849578281	0.6894166474381739	0.8003228037907834	0.8609637999583946	0.6329259856500689	0.8439013142766535	0.6878026284671643	0.8023979709832507	0.9999999998506787
2.5500547339424286e-2	0.7725740832888796	0.6818561862674233	0.8775095368035489	0.8821081800877356	0.9264225802993514	0.8206509936066402	0.8908873895956735	0.8503355960437017	0.7265874740980734	0.8854504608357654	0.7955674008801498	0.7474927103899743	0.9999988162123037
4.061230817077909e-2	0.8562949081304145	0.6554201811751013	0.830677913495694	0.8456732274739933	0.8347391444745521	0.7806935329271086	0.8653545764070135	0.8628553580603896	0.7947516398649155	0.8347391444060542	0.7444548574263732	0.7110278034159732	0.9999999994430169
0.12327119609925682	0.8959711366206666	0.8394467825224368	0.9188214065737053	0.9236319904982753	0.9284425739448028	0.9242333138131387	0.9446782927839166	0.9218280217664666	0.9194227305478857	0.9158147928270628	0.8893565839478109	0.8562838238740285	0.9999999994551945
1.2578616352201281e-3	0.5823899370931631	0.6748427672821793	0.7125786163548984	0.6968553459210097	0.8389937107052037	0.601886792446595	0.7169811320831122	0.7540880503238134	0.6339622641402821	0.7830188679368895	0.6937106918155583	0.5691823899343715	0.9999999999802061
1.1441647597254005e-3	0.9021739130449178	0.8375286041188769	0.6086956521732901	0.8752860411894199	0.9279176201385629	0.7665903890145676	0.8518306636155677	0.9027459954235209	0.7002288329508475	0.8501144164765523	0.8398169336383956	0.8403890160186562	0.9999999999972223
6.056935190793458e-4	0.8982434887946988	0.8619018776498444	0.9569957601454178	0.9345850999394283	0.9685039370078834	0.9333737129013118	0.963658388855331	0.9400363416111425	0.9333737129013048	0.9691096305269287	0.8946093276800894	0.9424591156874066	0.9999999999998707
1.658868566527589e-2	0.8153977031049056	0.7898766482337254	0.910250957039033	0.8702679710765235	0.9617184176958761	0.8600595491283128	0.8702679710759488	0.9017439387498429	0.8124202467042164	0.9230114844758497	0.7273500638014045	0.8277328796246947	0.9999999999986725
1.7299107142573943e-2	0.7929687500005718	0.7522321428566026	0.8459821428580414	0.7840401785721138	0.8638392857152114	0.772879464284552	0.8320312499998063	0.7963169642853714	0.7578124999988347	0.8208705357154142	0.7968750000002723	0.6071428571417642	0.9999999999980133
3.366696996228612e-2	0.7734303912612309	0.7497725204721934	0.8280254777021993	0.7606915377538787	0.8180163785152043	0.8275705186724394	0.8621474067390461	0.7302092811529927	0.8794358507925779	0.8098271155604981	0.8212010919168476	0.6323930846109448	0.9999999999542761
8.268059181816006e-3	0.8503046127065949	0.7828546562228335	0.8742384682333749	0.8524804177544364	0.8990426457790498	0.8568320278502968	0.8681462140993367	0.8642297650130244	0.7680591818972775	0.8785900783291043	0.8611836379459341	0.818537859007726	0.9999999999997605
8.634782275408966e-2	0.8133141410277307	0.6565359989728553	0.8625185647686744	0.8784375138039721	0.8528704952476602	0.6985042738454491	0.8258563525945098	0.8649305250416945	0.679690851726557	0.8118671164575876	0.6999513407893418	0.538832500094898	0.9999995201149476
7.213474917612481e-2	0.8359575247162037	0.7824972537531911	0.9161479311607601	0.8901501281581898	0.8853899670450301	0.9198095935554959	0.9373855730501911	0.9121201025265528	0.9165140974002414	0.9487367264738108	0.8996704503844529	0.712559502013888	0.9999999999999736
8.809982764491801e-2	0.7975015930468684	0.5207099647585463	0.7389874451845074	0.7948718148656572	0.8645628632643501	0.8448389565150498	0.7672583322843257	0.8224852222404835	0.8330046378623445	0.8566733223272216	0.6837606771914546	0.8428666432059265	0.9999998845260611
2.6333113890717578e-2	0.9466754444929028	0.8492429228418429	0.9756418696951638	0.9730085582179355	0.984200131725066	0.8591178405476009	0.9795918368563039	0.9697169189815936	0.8716260696456982	0.9802501647189911	0.8847926266065296	0.9163923635307972	0.999999999862926
0.39395546129374337	0.9798515376458112	0.7555673382820784	0.9931071049840933	0.9883351007423118	0.9883351007423118	0.9618239660657476	0.9899257688229056	0.9883351007423118	0.9618239660657476	0.9899257688229056	0.9623541887592789	0.8451749734888653	1.0
6.402048655569828e-2	0.9321382842656218	0.7644046094124812	0.8930857874277477	0.8879641485789652	0.9263764405115993	0.8348271446549735	0.9366197183657851	0.8668373880155851	0.8252240716383954	0.9122919333899772	0.7976952624213898	0.8847631242494517	0.9999999999327559
7.511266900273551e-2	0.7996995493242178	0.7671507260888388	0.8688032048067255	0.8152228342505896	0.7956935403092176	0.8472709063606152	0.8698047070620052	0.8102153229856552	0.871807711568413	0.7826740110157238	0.8277416124183848	0.6239359038554135	0.9999999999977546
1.1389521640091116e-3	0.8986332574033218	0.7744874715260261	0.9464692482917539	0.9048974943052824	0.9350797266515728	0.8946469248289406	0.9350797266515919	0.9242596810934397	0.8826879271068448	0.8986332574032894	0.7818906605920491	0.9094533029613768	0.9999999999997815
2.1213883394480455e-2	0.5816111589242173	0.759579386264797	0.5969315294758863	0.8479712446571661	0.7560413998160512	0.5391843670312704	0.8515008678583411	0.8609352989256883	0.4507912195314129	0.34648958860404816	0.7949359227639646	0.8102566476151912	0.9999956473464052
0.11730013103733088	0.8728702490196656	0.7608125819348566	0.9266055046178985	0.8925294888906422	0.9390563564692028	0.8401048492481924	0.9423328964878884	0.9023591088119458	0.8093053734951563	0.941677588463875	0.786369593702635	0.8826998689083233	0.9999999999686868
0.10199556168937937	0.7046563184877406	0.6301552114978581	0.7875831510059311	0.6261640788969417	0.6603104207862951	0.839467851728397	0.7884700694223391	0.6297117505484977	0.7436807114948666	0.5232815955140879	0.6452328137544163	0.39733924549876826	0.9999999944136716
0.1133769634007871	0.40803879553132816	0.25044842103377835	0.5483983640675575	0.40163515800568783	0.5490404732148647	0.40810370302492593	0.504197373033444	0.412525088805262	0.47664961707920334	0.4990697412264815	0.21586206843684436	0.37408846041252636	0.9999649142600985
5.549810358860441e-2	0.6614960354660604	0.7252671496792608	0.6807997236969104	0.7183729753090999	0.7200965185922238	0.6125473970120456	0.7535332646333193	0.7138917618564927	0.660461909442528	0.7442261293997721	0.7435367109727666	0.6677007932801443	0.9999999993483933
0.12650602408878225	0.7159406857691369	0.7520852641692034	0.8063021316537677	0.90407784990054	0.7576459684565124	0.8674698795750236	0.7965708989257494	0.8864689527705226	0.842446709973553	0.766913809044914	0.8600556069905043	0.6677479146961346	0.9999999999328307
4.84374998914819e-2	0.8921874998848878	0.7953124999950376	0.9304687500114488	0.8808593748927436	0.9171875001154252	0.9281250001070902	0.9441406251095685	0.9339843748916679	0.9167968751070855	0.908593750003908	0.8390624998901428	0.7539062500989372	0.9999999998825894
9.153318077803204e-4	0.902974828375361	0.9336384439357527	0.9569794050344717	0.9569794050344925	0.9478260869565421	0.9446224256291629	0.9615560640732376	0.9729977116706481	0.9354691075513745	0.9336384439359998	0.8352402745993703	0.8549199084667441	0.9999999999998187
9.546854351207708e-2	0.8970523537203331	0.8266608005185186	0.9093708756559515	0.9410470747362579	0.9238891335032975	0.767707874552141	0.8882534097294011	0.8913330402907429	0.7175538930989739	0.9238891334998007	0.7681478222234881	0.8772547294947906	0.9999999994638489
0.2438875305623472	0.927872860635698	0.8618581907090455	0.9590464547677271	0.9162591687041575	0.9639364303178473	0.919926650366747	0.9431540342298299	0.9627139364303188	0.939486552567236	0.9645476772616126	0.906479217603911	0.9712713936430329	0.9999999999999989
8.136696501220504e-4	0.9076484947111512	0.7990235964198494	0.9434499593165214	0.9361269324654246	0.9548413344182236	0.8986981285597999	0.9662327095199379	0.9503661513425611	0.8812042310821749	0.9316517493897515	0.9479251423921853	0.845402766476805	0.999999999999993
7.461191787679136e-2	0.801702553830726	0.7626439659490017	0.8678017025539903	0.8187280921380568	0.7926890335501647	0.8482724086129514	0.8693039559341481	0.8142213319980807	0.874311467200819	0.7796695042564047	0.8227341011518189	0.6274411617422255	0.9999999999994497
1.4316392269148174e-3	0.8690050107542089	0.723693629187363	0.9327129563336618	0.9427344309256819	0.9570508232288567	0.8797423049030778	0.9506084467086232	0.9448818897660715	0.8067287043302201	0.9770937724056089	0.813886900463795	0.9241231209711519	0.9999999999626443
1.2376237623762376e-3	0.926980198019802	0.7908415841584159	0.9764851485148515	0.9331683168316832	0.9764851485148515	0.9449257425742574	0.9795792079207921	0.9566831683168316	0.9826732673267327	0.9795792079207921	0.8292079207920792	0.9257425742574258	1.0
5.936073059360732e-2	0.9423515981721056	0.8487442922353118	0.9343607305954712	0.9280821917829678	0.969178082193542	0.9206621004550657	0.9480593607321148	0.9178082191766173	0.9400684931524909	0.9160958904127158	0.9069634703174876	0.8053652968015058	0.9999999999978354
0.15743440232594358	0.5874635568443585	0.7230320699645783	0.706997084547323	0.745626822175229	0.8688046647312186	0.5969387755022293	0.7106413994088132	0.7857142857238316	0.6960641399326873	0.8746355685238613	0.6100583090309476	0.7900874635623676	0.9999999999781025
9.5438594726398e-2	0.9066666675792613	0.8007017525219997	0.923508770190689	0.9291228078901823	0.9621052640539092	0.9003508772476703	0.9263157894636439	0.9291228078970484	0.9080701754932741	0.9410526324747465	0.8322807016482795	0.9249122816178449	0.9999999981071196
0.28201058201055496	0.7470899470899667	0.8587301587301418	0.9306878306878853	0.8835978835978898	0.8544973544973522	0.8433862433862469	0.893121693121697	0.8730158730158765	0.8343915343915128	0.8629629629629569	0.8645502645502499	0.8661375661375602	0.9999999999999153
0.19805527121904515	0.8152507676435053	0.6335721596364513	0.8433981576396111	0.8377686796642395	0.8746161720096058	0.7666325486009471	0.8500511770812408	0.8536335722151644	0.7108495393725578	0.8556806550999444	0.7354145342409205	0.6171954963848759	0.9999999999381172
8.89423076913298e-2	0.8749999999987316	0.8233173076918484	0.9224759615377814	0.8888221153861835	0.9230769230784929	0.8161057692301583	0.9002403846145077	0.8798076923092609	0.7980769230766891	0.929687500001432	0.8383413461522884	0.7974759615389705	0.9999999999983014
9.35661415824538e-2	0.6424368950410839	0.686468020491683	0.8481685329321683	0.9170620611195454	0.8115391914983066	0.7908521541103756	0.7885746821053383	0.9079521730953949	0.8181818181772367	0.7445435566493748	0.8126779274980622	0.5796166255428349	0.9999999999913899
9.813542688910696e-4	0.7369970559371487	0.8223748773307143	0.9048086359175772	0.8316977428851573	0.9435721295388422	0.8753680078508153	0.9175662414131922	0.8900883218841885	0.835623159960734	0.8606476938174957	0.8361138370951541	0.91216879293424	0.9999999999998929
6.924384026077217e-2	0.8521665250525814	0.8194562446998133	0.8708581138589149	0.8296516567552599	0.819031435853998	0.8453695836874764	0.8313508921093102	0.9239592183525918	0.8084112149532342	0.8160577740016128	0.8491928632003749	0.7807986406123175	0.999999999987542
3.2258064516128542e-3	0.7043010752205279	0.6967741935215104	0.809677419398946	0.9080645161168375	0.8860215054096037	0.8892473117842054	0.9370967742437974	0.9086021505795744	0.8456989246826777	0.9247311828271958	0.8284946236649634	0.3473118279264444	0.9999999999473216
6.945917285259809e-2	0.9533404030006801	0.9512195121636924	0.978791092227319	0.7513255567028738	0.984093319225491	0.9289501590982377	0.9718981972733245	0.7523860020899363	0.9225874867758622	0.9909862142413978	0.9650053021955023	0.7985153764266792	0.9999999999685666
3.401757199245735e-2	0.7448680335359922	0.6909090660261302	0.8527859218988728	0.8627566234627262	0.895601198208901	0.7149559884140035	0.8252199170619832	0.7448680600884962	0.59765393353705	0.8744868283203795	0.7771260995404154	0.7665689396244629	0.9999999743230068
0.10590182018753447	0.8665195808052963	0.7810259238830667	0.9211252068394938	0.8996138996138996	0.946497517926088	0.8565912851627124	0.8924434638720365	0.8681742967457253	0.853281853281852	0.9464975179260906	0.8428019856591272	0.9100937672366244	0.9999999999999987
6.47284695555764e-2	0.8129456939082493	0.8041689522759117	0.9418540866738224	0.9138782227117755	0.8957761930919598	0.8667032364229522	0.9029072956692649	0.8266593527128212	0.8074602303868768	0.8798683488742515	0.8348875479967826	0.8091058694453759	0.9999999999961904
2.1752026613210983e-2	0.713268736293786	0.5016808381367793	0.7344275261515723	0.8091754008040698	0.7310658496671237	0.5997627048269338	0.688352778292559	0.7354162548610406	0.554281194332241	0.7921692706316058	0.5716828155306667	0.4389954521595382	0.9999999995510459
2.209413940142562e-2	0.6954851110026441	0.44380403499422466	0.7593659945270035	0.8126801166110578	0.8121998074535497	0.5869356374223611	0.7108549483407653	0.8443804041137744	0.5422670502859759	0.7766570610126042	0.4879923146483651	0.44380403338127816	0.9999999985335082
5.484818805093046e-2	0.9177277179236031	0.8805093046033297	0.94613124387855	0.9231145935357498	0.9833496571988263	0.948579823702253	0.9539666993143968	0.9392752203721846	0.8765915768854076	0.9706170421155745	0.9133202742409392	0.9657198824681669	0.9999999999999982
0.35160851835070195	0.9134571816946054	0.8454916175804287	0.9546896239238885	0.9374716810149636	0.8654281830539146	0.8454916175804107	0.9515178975985663	0.9130040779338527	0.9043951064793797	0.8799275033982797	0.9062075215224176	0.845038513819655	0.9999999999999822
1.2315270935960591e-3	0.9378078817733954	0.8362068965517245	0.9741379310344804	0.9593596059113316	0.9895320197044368	0.8910098522167477	0.9722906403940864	0.9599753694581317	0.8608374384236442	0.9809113300492647	0.9076354679802954	0.9341133004926082	0.9999999999999962
0.15687819458884578	0.8387859786074066	0.670871096153823	0.9199842274165209	0.8711076158996934	0.9168309139944817	0.868742600507434	0.9353567303580901	0.9105242518422922	0.7587701975563639	0.853370130167948	0.8383917914986087	0.677571923710096	0.9999999878512122
3.1454763367160375e-2	0.6657928809648395	0.6898208615423954	0.9353429861398033	0.9073831059979302	0.8846657825348354	0.8396679976539888	0.7487985623858658	0.8824814211878849	0.8597641096516315	0.927479288152763	0.7837483732997447	0.9340323701598111	0.9999999581954291
5.8172457585544735e-2	0.49111969126760346	0.4499356492630226	0.7472329474039163	0.726898327634876	0.4584298588151724	0.6177606175401895	0.6594594595883916	0.6329472336013177	0.5868725867189866	0.6195624200428343	0.55649935583088	0.30450450406094187	0.999999999076998
0.16692486426024578	0.924864446184642	0.9229279626343	0.9132455462645622	0.953911696533709	0.9217660728152333	0.9283501163734627	0.9132455459150242	0.9608830365793187	0.927962819704214	0.8985282726481378	0.9190549959503805	0.848567002137865	0.9999999998026345
7.460890472230053e-2	0.8652226231869817	0.8315282793966212	0.8634175691182693	0.8339350178406282	0.9067388690398205	0.844163658362147	0.8345367026812963	0.8387484955793421	0.7093862815861807	0.9073405536829068	0.8922984357338748	0.894705174651687	0.9999999997808099
3.0077519379391973e-2	0.844961240309897	0.7296124030994791	0.8889922480625527	0.8220155038762049	0.860775193799091	0.8741085271323175	0.8772093023266888	0.8524031007754322	0.7941085271317433	0.8617054263572436	0.7506976744173743	0.7451162790688733	0.9999999999977848
8.39278220730172e-4	0.8610994544691428	0.7075115400751728	0.8980276961815173	0.8405371380610808	0.9110365086029028	0.8405371380611373	0.9060008392784973	0.8770457406631296	0.8363407469575862	0.8825010490980876	0.7671002937470224	0.7750734368441671	0.9999999999995935
1.2578616352201264e-3	0.5773584905641448	0.6672955974826885	0.7150943396227244	0.7012578616358818	0.8440251572346882	0.5993710691821801	0.7150943396237315	0.7616352201262363	0.6308176100609524	0.7867924528318394	0.6911949685527566	0.5691823899372737	0.9999999999962885
9.245960502692781e-2	0.7957809694793564	0.89407540394973	0.8168761220825769	0.8464991023339261	0.9452423698384368	0.9156193895870726	0.820017953321354	0.929982046678638	0.8626570915619379	0.968581687612225	0.9299820466786305	0.9304308797127401	0.9999999999999793
2.239138586761719e-3	0.7899686521379928	0.6305418717586445	0.6762203325427282	0.811912225991057	0.8002686953202103	0.7850425424748302	0.7604120030543497	0.7550380656800332	0.4706672618526648	0.6730855365713923	0.8042991494609885	0.6538289310642256	0.9999999977809981
4.664310954063529e-2	0.9130742049482812	0.7173144876312277	0.8120141342768642	0.8968197879871113	0.914487632507516	0.6869257950517197	0.9526501766797627	0.927915194345043	0.6544169611294572	0.947703180210696	0.9088339222628038	0.9314487632522003	0.9999999999986735
0.11439114391143942	0.8216482164814005	0.8105781057809662	0.8874538745390892	0.8130381303819518	0.9065190651913052	0.8105781057802578	0.9052890528901945	0.8505535055353426	0.7177121771209486	0.8788437884385196	0.9286592865935219	0.8277982779823662	0.9999999999989967
1.1435105774728416e-3	0.9336763865065751	0.9571183533447684	0.9725557461406519	0.9714122355631791	0.9679817038307604	0.8839336763865066	0.968553459119497	0.968553459119497	0.9554030874785591	0.9708404802744426	0.9656946826758146	0.9422527158376214	0.9999999999999999
4.407951598962835e-2	0.9075194468457118	0.8902333621430532	0.9524632670708617	0.9420916162485227	0.9273984442527072	0.842696629213016	0.9403630077795913	0.9178910976660928	0.8219533275711249	0.8530682800347985	0.8133102852197603	0.9256698357818974	0.9999999999990765
0.12549329123613356	0.9226519337080638	0.8216258879209665	0.8547750591981776	0.7924230465633612	0.9135753749010617	0.9171270718235902	0.8445146014183699	0.9546172060042674	0.8705603788480569	0.8484609313334257	0.895422257297477	0.7083662194155245	0.9999999999933739
0.1889425657541489	0.8883521202362921	0.86956521739119	0.9543746645195577	0.9753086419754007	0.9747718733226548	0.9259259259258088	0.9688674181427489	0.9758454106281338	0.9028448738592796	0.9688674181428675	0.8985507246375667	0.9350509930220419	0.9999999999998658
4.292002934702861e-2	0.8895818048422486	0.7809977989728567	0.9376375641966186	0.924431401320617	0.9361702127659665	0.9181951577402713	0.9504768892149577	0.9600146735143145	0.91562729273661	0.9655172413793194	0.9112252384446154	0.8495964783565639	0.9999999999999815