"no"	CB3"	"CB4"	"CF2"	"KO1"	"KO2"	"NG1"	"NG2"	"NMSD1"	"NMSD2"	"PP3"	"PP4"	"SB8"	"FUSION"
1002	75.49529417732415	74.19904554869683	71.61382306990656	71.54576552159088	71.17750969047671	65.40036422720028	59.93565216407912	76.43217997140093	76.13987340250956	65.92263964711589	61.36962852437764	26.70608163433746	76.5413254693419
1003	66.28347133975267	68.00511165011271	66.83973216178867	62.28387031357621	66.46614065172814	70.74384601518649	63.78758783472078	70.41458950682336	72.88402731756088	62.412166934234214	63.25825872727366	1.2607540029752393	71.45658556089182
1006	91.19638156244804	90.80060075441094	86.310652513148	86.40411361500978	89.87115584164602	86.0593863564609	82.69114074256005	88.28930083273933	90.45670977022804	81.79285874780275	82.55508547582609	9.081409184313194e-2	92.38500256963616
1007	94.66303491882162	94.48059057888175	92.71277123820622	94.28140931834595	94.62464334349609	87.74380748423374	87.7438074842337	94.40070204637622	94.17218574652475	90.25634434665056	90.388390988541	17.01569915492517	94.93821517212146
1009	85.48138635618474	83.81767940531051	73.25766967136062	81.21809044859783	81.14499643501898	81.73398053594559	77.30406524725801	79.82832891897077	78.94183616093706	77.55571798347637	77.16080807829152	0.10123507030722653	85.68994771563521
1011	95.1784983689899	95.1784983689899	91.45016627172971	93.629264060245	92.66799732309867	84.63258009806006	83.31371208606826	91.69835022257963	90.90066983247165	92.87703595275988	93.03514799355366	4.4721274862595986e-2	95.03456839417139
1012	64.62184542939886	64.22745899625286	58.18651618775754	68.73581904592781	66.31041358347116	73.84188963857662	55.08043618178887	66.13973319645653	62.548631907621456	58.55835297171641	44.204224326901596	4.021939424393213	69.12400444583226
1013	66.76161184101717	60.47252176540451	50.5032746359387	55.55484456581715	55.733456589015915	55.58193273615699	55.6789690927723	64.12936596552483	61.81297660300523	57.444851038889425	55.79334122395696	8.516466275213563	66.1249645463295
1014	80.59128656594504	80.97425598395913	64.00012765870758	90.88698991243173	39.77587986311995	81.75841111051743	81.47836552584256	68.95555332862241	68.48114088168167	57.69624228122455	73.44716283798589	2.783649993979345	83.96803877887585
1016	74.12394337198187	81.04406762679541	66.88987138708306	71.47328247919617	75.838000679877	41.944043883208195	62.14786030946967	81.59786541639744	86.03889986510704	70.04018352006568	65.66079683481526	7.138555570618582	79.30984821344865
1018	81.945213317194	82.37081889077591	81.2318424829925	73.5614533059753	66.59954535555944	85.59898219446654	84.31474816271042	76.51479794169333	74.1949640121158	89.32810465751587	89.32810465751587	7.919236623579602	83.81224545552813
1019	70.1440884410046	76.19837997559306	76.14122134808238	73.64623828498502	72.88921461434886	69.5237316872866	70.79140305015056	86.02891092200511	75.62274604511713	76.94359866201164	74.52587080549411	3.5965177775712522	86.53345330940225
1020	52.43202318132264	30.418834208082025	34.72138736400227	64.0488530718059	44.24956154005512	39.78587151645985	53.13755804794148	70.45885187196966	57.83939190264758	63.71126599983425	66.69873784864052	2.2505237480871596	65.03250077487066
1021	96.94729365298723	96.41247631741327	92.74551128773474	95.69040356034803	94.62928950523072	92.6770137348639	77.53378244537662	97.1884469322782	97.1884469322782	95.92827314541795	96.25175936343847	0.5098499463513495	96.93877303695653
1022	84.86711390598197	86.90372273010479	86.79107000826824	96.61333601882947	95.0762079872365	89.90653192122463	90.37041660334654	93.99531060095279	92.86849002626572	95.18998879609053	95.02089600247767	27.56807817441122	97.67581713375756
1024	79.1420808552106	75.99708616373184	60.51507632522212	64.85420823747324	69.97414596188116	66.5243046434624	56.576381861005075	75.76179641204702	76.90659879278346	63.83587833893716	45.51788320342203	10.335413077119052	74.63571986075654
1025	73.57030971392143	71.01446839534405	75.1505345409755	73.62119112363736	78.36409797452143	60.288650163432536	52.86950521188247	72.13932871793463	71.07178279772889	66.97960454894793	67.10964830637778	2.429117855823606	77.8330457796312
1032	58.10150173429991	65.40979170629257	65.43158235227907	63.202895469761145	69.64336017005984	49.245522662167325	45.20803604047818	60.938463544153066	58.14862442820782	55.10721706299372	59.26789728040352	6.42087762462201e-2	62.94206547490974
1033	86.58878227577807	86.66360904444778	85.03435441249265	86.46762397912879	86.54359938268861	84.2661024259661	83.08303415194837	86.78651300997086	84.82797971324165	85.75333188994094	85.51118077641252	9.20465609513894e-2	87.18660794913686
1034	81.95814269020984	80.11946888625575	77.45457072098009	78.1801674838162	77.76174887784435	80.26455502305794	65.40993904212256	74.57617171649429	74.10874302570649	77.93192952314133	77.63094389444915	11.567718390449826	81.5092079605235
1037	77.0926662937106	81.01843882414485	69.63982154624436	74.67960699684575	73.69137339047498	65.34709468811839	66.55143327572505	73.76896027026818	72.96689260336315	67.97231686582143	69.03480838249585	2.9226830125856407	78.10005136514903
1039	95.67254845032261	93.02424498199551	90.01939622768079	92.41431168425841	93.41987196968591	85.0227975137445	82.80256192560562	86.35930566170137	93.18470739048446	91.27180066494711	90.60921207020426	7.189627711031647e-2	95.30143706409582
1040	95.47539189449894	95.28853942422745	89.99114125902591	94.56691974498553	95.07011594208575	91.71192853249079	69.685905334708	94.60143274072156	93.90832421972833	90.21502630501898	63.264943871177145	6.241512928496163e-2	96.44345507321219
1041	93.10017021906373	92.24829377794667	90.356168630486	93.1952771459178	93.39203016589177	85.29557051537653	84.61695508346422	92.37020323967252	93.31854357482199	91.71796503623443	91.71796503623443	6.665832405706991e-2	93.71208637919615
1042	80.02742078133424	83.76434693466395	78.71378389851695	78.76010067231933	82.32468221955968	77.51293685208867	78.39395315074982	81.72405022970955	80.15031278820233	75.3605803597631	74.78902910776532	8.762063457520333e-2	84.66710947717777
1043	84.68187118317924	79.99429365129022	69.47765822665781	76.61105704944312	74.58787137164018	70.41041157060356	58.14773438787123	76.40307871340327	76.86751564684387	70.72953470449038	66.57055705521351	10.523372365678513	79.91291142558768
1044	80.80247720136936	83.93149532519169	73.98144677074026	78.09093069448761	78.76915870599039	68.9313553101557	67.99869900646905	79.2324361429834	73.83961308482928	73.9330190298748	77.647529869296	4.6002546862399605	82.4012229661175
1045	92.61715107579478	93.12842720411554	88.87055345833458	91.02899713130792	90.93758595290976	87.71671403362552	85.7193630820447	91.81490063681377	91.09234117839252	91.67336117907877	92.70434406347151	8.972772256386972e-2	94.87298586307385
1046	77.79307517878911	71.38495557995282	77.5893929427347	81.3761421902339	79.17229042549859	81.88337221302751	79.68634754091455	72.85037205919308	73.37957694930772	84.76713967813579	81.3677361541981	9.695368668015122e-2	84.80905471732616
1048	73.3301859184542	73.23246075482594	78.76376473251564	83.86414828937008	79.62322641423056	57.33117136524649	60.79555332329478	76.5569512732266	76.37027498171518	77.9060044811471	79.66816674468703	5.5465382474703534e-2	85.24576158635455
1051	90.5864733183481	87.39831540504039	73.84807663960554	69.5372602037556	79.25805249042193	69.16481991443182	72.11301068811319	83.56399837779328	80.18987803079231	87.13345107863356	85.61580455352596	7.019212762912506	83.4102954117174
1052	85.87936286705981	84.76017909102248	67.83135746839802	65.92006492973262	78.97686218333818	63.225537917644246	56.722072473966	85.60678752974859	85.47538643152134	53.14185438577107	51.28629806183875	2.3025584278312237	84.58415823378397
1053	60.52187448164344	65.93931215826807	57.892071166287565	59.441977129116864	64.70478384195289	51.11895980776456	49.76965139440136	70.839435337737	67.25061702785595	59.82618397037376	58.0418894739462	6.179634853189927	68.28338948441589
1054	89.65538970797564	90.25136335225199	85.83335242858034	86.44408244690594	86.74275471368071	87.70674693449762	89.18152946360435	84.97942980866046	82.91703683443835	84.03717250773356	84.13119204083776	22.952836038187694	90.22972822484981
1055	80.83623524720764	82.67037204150523	75.66641142099797	80.87152185508918	78.80651741795636	76.0316549472592	74.30736021994564	81.81653580306808	78.50406493822277	74.08933661316432	69.9077589191801	0.12771867852032348	83.93528908199134
1056	70.94572637558369	66.02599391241878	63.55104192848802	58.26872340795557	63.87489427257811	46.34288599546697	52.14513305580702	66.60838247011857	65.71227487697128	54.0312580500075	56.613068089663855	10.73245980297687	74.31713568104088
1058	80.1370636897615	77.92720470936506	68.8382409488128	74.78972573266492	79.40647418000562	64.3606552262862	64.51909824063436	71.3309311993881	73.6049860125926	63.99753712272046	62.60355258476758	0.14275010313221542	82.0302048450128
1059	93.63799062670512	94.35727102450306	94.42783223270797	94.27071367719631	93.96135240143315	86.70494332634038	86.67326135475284	94.56340450130483	94.76564040334591	87.60152629283239	86.44888584826218	1.3417758526606463	95.21111266817928
1061	70.74386030950173	71.10472855543489	66.9076772427033	65.27167484691864	69.66611700031129	65.89480334600538	63.91697581971012	71.3202698824148	70.94532680789074	69.37050673694874	64.3892435278287	21.78319790188562	70.93268752171578
1062	67.92139591154732	49.99658458129726	89.25954189034925	87.9328545550198	62.257671088497304	87.7486247839735	70.56937299152749	80.84646400276809	78.27101564734315	80.94877580625803	73.9677832050413	42.708261505773095	85.54153709926352
1063	88.59313531002394	91.29008301718493	86.2435064292123	92.64031730206366	91.1085713733749	87.2213767303908	71.00858754585559	88.01809681142035	85.05319119956322	83.76111463370545	84.32917934928746	1.291005427531743	92.6381811622692
1066	94.14643247839342	93.83832632029704	91.30660311348878	92.78205528962512	93.05122631605292	82.35024187699074	81.35981700162702	91.75756559489723	90.01801354437109	93.19211422755431	93.19211422755431	4.9414518790675446e-2	94.31883759988213
1067	71.87524714245268	81.8841413478499	66.95669249909038	42.283969239289185	85.39407418446648	37.954926962861116	49.04064952031262	67.82746739671802	85.1843200392176	63.01328308354452	60.74921467763674	10.493712313415609	78.40367064171294
1068	83.04319718685561	79.54359181176197	88.2881257103595	82.69327689850805	90.4626684967086	62.58835994736474	61.05633392375866	92.4225711922399	93.65494034491999	76.5844802272688	79.31361620565544	22.583498180516425	88.17046799944528
1069	86.05995364695053	80.36856905157192	79.38497020794097	79.68466063810973	85.07713698405874	70.76850375277209	63.55923600993658	87.17087316219983	83.96835478969581	69.89372700712991	66.50979187810367	9.68356269189469	86.68461966668126
1070	73.41328312262641	72.502248255155	80.89395559849818	82.26139280044723	79.14462168376039	73.74733147147299	68.06992138885917	85.6035457915743	84.29933009596523	71.59164086901272	70.8822383812008	4.767089285789463	84.03502483821684
1071	79.83819034587549	82.42964092239876	83.92108262615176	84.73404147952334	79.62147175979737	92.31506410551789	84.3249635978482	79.48814164973922	79.97635114758896	79.32823312166639	80.9005664797433	8.119661688195503	85.05045058701717
1072	91.74280032448341	92.42563287954337	85.69029209185292	91.79248395762617	91.2085954572821	89.26206672480426	73.83645113254764	88.51471503721355	89.15773182133017	89.06029559576272	84.1428893383309	0.15826205974415677	93.62742232945148
1073	58.79494494159023	59.52626733310714	50.6281456378541	53.23099519420806	53.17970810124189	53.9573099351782	53.39730983209666	58.45225963900451	57.124337887222254	52.35745959397875	49.64186877249423	7.2270314659732655	57.1872952726006
1076	76.5435291721231	72.50367546955259	60.55452046492464	65.81819551096817	70.0697042445442	57.624041302742256	50.60896458338892	72.18590617019893	72.99951202034266	59.71982341013469	66.12296872603741	6.504598385028672	74.20229785768315
1078	61.572549719071056	49.80785668783207	35.26745377738034	41.68391509364108	37.59715544348959	34.26860292432503	29.678002141370147	54.29044606409356	49.90727425934955	36.62610961702821	38.738813577256174	2.1956411428152474	52.361615182837504
1082	81.84902147006567	80.56910655381046	75.12275440483019	78.8125842992882	81.21630658278285	82.84208481772978	66.26542719296499	74.73389860263494	73.60928736540573	77.57185817380244	69.09370095018933	26.553371240941964	76.79691459497523
1084	89.0370490558558	85.4536036004816	87.64119763870596	89.67877960009812	87.9761804342973	82.22543760142342	83.02285480446507	82.83414624899424	91.2954000132574	82.49949201784963	83.48979706715379	5.712943746525583e-2	92.68249761424869
1086	77.98823896672064	76.85739306061741	83.59900166667519	83.8305395131238	84.84771145423714	81.07307071654921	78.2153724082874	84.79083113941861	87.3336371741484	86.97302368990421	86.46337995810003	11.673811240582028	87.84656031415136
1087	1.1452058230115278	1.1452058230115283	6.902610413305127e-2	92.65330072086361	92.4810956942424	0.15373995983979158	0.15373995983979158	1.8114123156505952	1.811412315650595	2.1270266248072893	2.1270266248072893	6.570393262345189	1.298945782851314
1089	88.87120332795313	94.75120746648568	92.02584011401184	93.73567764421504	93.43153019583116	94.50770472012387	91.20257048791849	92.44607694534147	91.2603620255353	93.9230445851113	93.92160321536814	4.906200095557342e-2	95.43852637628906
1091	3.420672796173113	3.1457527029591095	92.54229349201327	92.12591963656985	92.10256488136655	91.62996823214239	91.95067941335701	93.2793423563805	93.90449521670396	93.03963517292416	91.18250170727997	8.351802479009935	96.22282456340639
1094	2.2854203406338223	2.2854203406338223	88.76811181735894	93.40927117457824	94.11872960449465	86.50568758100401	86.6428090010848	91.85016041632494	92.1253535073014	94.47352216262132	94.47352216262132	0.1237228606867986	94.97249970436016
1096	73.01634249371259	67.13800230384193	64.96480582136597	70.00978951396361	56.54718018005717	55.32536737528972	55.63177535145961	63.277928921797574	60.55331158491448	38.428790490399265	39.207237696257785	4.4821547675226656e-2	77.79363615292414
1097	70.94572637558369	66.02599391241878	63.55104192848802	58.78284640514138	63.540954745423136	46.34288599546697	52.14513305580702	66.60838247011857	65.71227487697128	54.17967561763193	56.613068089663855	10.73245980297687	74.31713568104088
1098	83.55386494036367	85.02855943567465	77.1618378412255	76.94339216986205	78.84064493517681	71.05276751614717	77.94022908870112	81.97303785039692	81.93815738078838	69.06263508762173	63.602973037149326	6.4753450646939905	87.85518435703189
1099	71.22273136430098	66.49853593663202	57.256659458656024	65.92670228124562	63.808017125104186	60.31718247668238	60.79531996804517	67.52141056318602	81.6684552897744	72.31483103388449	69.11279271381767	5.7678071752317654	76.22821799406373
1100	71.30259621062284	70.10918314767957	61.17479385273088	70.04224137821613	66.4580555145512	73.10310753086642	48.82453274281255	71.63534758612145	69.69145424646192	57.35816779310752	57.67999934258265	9.3783829250643e-2	74.79070966329651
1101	83.81524613332209	79.53022090500455	74.15869621793243	77.64359529369833	74.39040443914901	75.5969630100766	73.3644447049597	77.96389465638762	79.8264419634686	72.56145854344645	66.6992312506801	0.121048530438238	79.15497045754171
1102	35.74377263664257	52.59096459913744	50.39119310179107	48.93981884674609	46.793368308439526	50.26118706070698	27.296320643190718	42.65507888867446	37.73235811327363	61.85418208207355	58.1137560760275	8.060911751772996e-2	58.26553278026635
1103	91.33980314449867	93.49191583593843	92.00885767184326	91.81745539107979	92.5135532602096	87.34028152178603	63.303445723883144	93.60479241672655	89.88274805963114	93.65217229709087	94.54005339309994	5.604705241556177	94.38684072959066
1106	98.84655821860807	98.84655821860807	90.03564685399941	61.05617135719223	97.69101334689118	1.391196531254475	1.391196531254475	97.91909386443874	97.91909386443874	11.058908300346069	11.058908300346069	0.6308229772608026	98.3828260415234
1107	92.31542260541286	92.47198771368288	86.91488282257896	88.81307122870103	88.50433323553415	93.91316204284308	89.25915227147149	88.88150262641403	89.72317633851524	84.96841833474377	82.04368125415672	0.113045254840186	92.08359510773882
1110	77.75195332830491	74.465716494559	63.20432420733431	79.50871475937316	74.17921794408406	63.430268595352615	10.226131957534482	64.30811902169886	72.93604579431768	74.09605906314022	19.123264159645633	5.6282233964411335	79.09406713506708
1111	78.9880683036854	72.35803361195497	80.46326098191838	81.07508125605442	79.59636100924898	98.02440955826552	98.02440955826552	59.811840709833305	77.03644099977842	98.98688839309544	98.71867154250774	8.922315608660851e-2	95.48340461482871
1112	87.72756665547132	86.16446946418938	89.56365057909625	76.1674317875035	87.12328334659377	48.85783414591984	86.68470984539304	86.10076691075722	84.5997249801846	72.01398112648903	69.27213625904083	6.412741954303355	88.77312723035654
1113	73.40942735853046	74.77369595891065	71.32184902065084	66.67335651006225	65.84852430548935	59.867912101378884	31.23170282640966	73.629686037207	73.0959824069479	60.81124611856153	27.365918766341174	2.592421047616333	73.20825868731829
1114	84.17226451341344	82.70398223702222	79.70050482380186	78.75482082205922	81.58113171790413	74.50228512188578	70.68741380535197	88.4983158139675	84.3420146143282	81.14057167963504	78.63336695164111	9.407131087123792	83.56595813334857
1116	92.52082154790521	91.91645957662115	84.46354102928295	91.51008910624736	90.92474834354489	85.12952136644151	82.36023943238528	93.30908195623185	93.31251402725275	88.76516713408887	87.46551978502299	18.959924984219704	93.15441718516367
1117	71.30259621062284	69.41533804395611	61.17479385273088	69.41358817951945	66.39973937186812	73.10310753086642	48.82453274281255	71.63534758612145	69.69145424646192	57.70949865392851	57.67999934258265	9.3783829250643e-2	74.79070966329651
1118	64.09626587884385	56.266054468704716	47.60101964539063	54.9467184485083	52.05412945124239	52.14580449600164	54.61562441810778	49.59258183995755	50.78540388642566	59.53117908408504	60.6233380359841	2.0019261074064834	61.23333112710271
1119	88.65834839465461	90.26093539802018	89.98090897336385	90.31851077174915	89.08003192967145	92.33134466470482	91.14435252141185	91.23263469440451	90.82863932370722	91.70133825606813	91.70133825606813	12.259328013503534	91.89924062278868
1120	93.7891302687447	94.8448753226606	81.25035843965168	91.1739848625784	89.64444349441607	87.84753311601577	78.05131466203039	86.05120397226193	94.71912402803292	85.38839873612527	77.4118301752442	5.5126791240940456e-2	94.39005126048485
1121	66.3427891776871	67.1945402567858	64.94811961970501	66.3626109755049	71.82459936900538	71.48605072111316	74.67824491548853	66.53618570767588	69.67624666824265	64.91150045988978	64.21675188888031	18.1070758187107	72.98442392097635
1123	73.40942735853046	74.77369595891065	71.32184902065084	66.69370566462986	65.46254678985883	59.867912101378884	31.23170282640966	73.629686037207	73.0959824069479	60.81124611856153	27.365918766341174	2.592421047616333	73.20825868731829
1124	78.55966881521009	77.95414581498008	74.08453796542604	77.04269279582961	77.12449110023927	74.7658339746214	62.44423615653398	69.98878280767666	75.20773080705092	72.57640235276169	72.01237915397158	11.079478031569645	78.7413681775696
1125	86.12547259011983	86.96622654114401	80.64346411725576	90.55771673064102	88.6971903028877	74.17157189902433	74.801109461503	85.17988837509459	90.73575779603674	62.79526443593393	58.904088830656356	12.237498387210133	93.60812493185131
1126	64.04782740524786	62.23785014945944	69.08844686085368	75.36156480851204	66.91755892239712	55.74036980206771	55.07203238968934	71.3113841756584	69.26749802208107	72.77756916290717	70.94800158310332	5.82548281188783	69.60409990857072
1127	79.32253846419934	75.23707799786729	64.4133557271143	62.28510740890979	66.15084551417878	59.44221013020565	59.28890733399679	68.46147248912975	67.57188529232788	69.74261892557588	64.94442232711344	4.253907102381956	77.06258511166799
1133	91.15317816842192	89.51753963735791	82.44024769631129	89.16121026368043	90.00422010302903	86.365268335469	77.93668989861486	88.0590685865103	90.56753248625056	86.29385246884922	75.65040438569618	2.9896838522525164	91.9860395599058
1134	60.966994167539454	63.282286973849764	66.95000188299069	61.226789411690895	48.87723084047716	69.65698846268785	69.94442165664132	55.538046298328524	56.55994484253857	74.71618461135868	72.99681830518527	9.128129803934333e-2	61.04141194102134
1136	89.51135639369198	93.41158595919033	90.4730159083612	93.57765736235325	93.73235047117522	93.70610295163324	77.23126449726615	92.52281993310503	92.75378415878805	92.6889794402324	92.61461587795776	6.046484162861387e-2	95.71449921173291
1139	91.49711051201936	93.1002050259374	83.45078560571069	89.57905989724739	87.1024668086778	87.92188862524648	84.9611945504854	91.36284081078634	92.74773258142494	85.13590455064138	84.56911079879013	39.62761650806621	93.32509748018803
1141	89.18567986314397	91.07631859620335	73.16945503897921	85.87025010506275	87.6311444267772	87.6243288791109	73.00288340414701	90.56688671733342	89.51609316320945	88.68652608912953	88.93887447410012	1.549367583824342	91.28311123064773
1142	81.55803924536875	77.4732111943612	76.15652634247093	76.67526462847584	79.81623349969131	83.99938300247315	60.52038097734661	77.14264541973749	76.94773729063753	83.72077019493135	77.70587117923529	6.624383747757324	83.93336952949284
1143	85.90299773026354	85.66877134788254	64.32589711345206	79.98747560907563	81.2410484721014	76.92941034313256	65.58242619526519	75.91961461043122	76.48880296342982	76.73999860025381	73.04428910076265	22.226849487381315	86.5579468867
1145	84.93602029718076	85.06577880846527	81.74560509143141	82.19321346379917	83.81821307272617	65.2267473549275	69.02358851331206	82.17436715895397	79.45630195427735	74.278982792336	73.87373570943635	4.370589712774101e-2	84.6161419318976
1146	89.23928981812436	80.47297521069665	88.23853999057144	90.84271837215589	86.52553471741206	79.7715723950595	65.46247545781746	76.83355282090179	80.06293026820681	86.09026780623988	83.39139509242884	6.859955929795716	90.29126763197061
1147	71.99311649402658	67.12148298180587	67.29663969991589	71.48304742512545	83.3011582508896	70.84781043413912	69.38462437847647	72.65228756180743	77.87407138726417	63.65309710636649	65.15463012188104	3.7929264691388916e-2	74.14731509913852
1148	51.614183352825	65.04683274347116	48.61660081657403	39.420140226435116	53.67710635681152	44.968038650272604	42.562881320589426	53.7406891851656	52.1701700542384	41.024642862053284	58.900902654101195	7.78914863220416e-2	51.858116589325576
1149	67.74184612895048	69.29728100828082	67.19510990038225	67.37577551599288	65.58231826945492	59.27634111348835	33.041670052429595	54.57568455274235	47.770265156750455	68.00822918223379	64.24162339952291	0.40870375886667665	74.20591514514997
1150	35.74377263664257	52.59096459913744	50.39119310179107	48.93981884674609	46.93067095324906	50.26118706070698	27.296320643190718	42.65507888867446	37.73235811327363	61.85418208207355	58.1137560760275	8.060911751772996e-2	58.402835425075885
1151	91.33309739489508	93.00231165460626	92.96931866373208	92.51700770004862	93.74173635829321	86.81018803132251	87.06099567155361	87.57261035035303	87.7769619422789	92.15307737343545	91.02154227314638	2.7094984275285685	93.23380314494813
1152	94.90711677804111	94.44618521356935	92.85683138827338	90.60586456910039	92.63731428047129	87.47231770935174	84.51865576451027	85.10695285392656	89.11639559175771	93.05776139983166	95.16292607088349	6.711378502837774	95.88337150455871
1153	94.04367688113204	93.64977806665176	89.36118383484643	92.70658784173139	93.62365278612191	90.45625530520894	89.00430380474918	93.1142777545405	92.60332916540635	96.37692860574319	96.1057930781168	15.58737495869674	95.15483005375367
1154	97.17785067473606	97.53515186943629	91.34168000050283	94.73531214976492	96.07604234652456	85.1268672653201	85.70167657488996	94.49769008619813	94.64080906238645	94.8573084591062	94.8573084591062	29.06818139949247	97.72900194022851
1155	61.6387651352281	62.24451508042104	63.682261483106	59.32791210873977	59.029585522190544	70.42572393494007	51.685157468388056	58.86816679087601	57.869264625934704	64.06643658877775	63.64031790195098	3.709198808053836e-2	62.40953503479123
1157	76.06837080293477	75.47330151999212	77.95659473582727	72.56975283735704	75.03801560103564	74.61813029085431	63.22229637198411	75.44493305756329	76.12240874917671	76.6369850439331	75.15544200971779	0.4855166228199982	78.39193254919758
1160	90.5047594300189	90.98447005969071	79.91357988481093	86.21898921927543	90.79911778410418	86.46653675239526	76.59915906624046	88.15540878323304	88.82580390849029	73.3045230125742	64.98143190276512	0.8807889672902676	91.91987818272169
1161	82.19587944239689	80.76907739398584	71.61607196255643	77.32579871310796	81.87201709013404	74.81431910569547	71.89059776717595	80.46446241071669	80.37652742603734	74.31130012984781	73.97678930372082	14.444570005164369	82.01600120191684
1162	91.15317816842192	89.51753963735791	82.44024769631129	89.16121026368043	90.30048594418221	86.365268335469	77.93668989861486	88.0590685865103	90.5304992561064	86.29748114723233	75.65040438569618	2.9896838522525164	92.02307279004994
1163	83.55940054805444	82.13892855073875	73.96330137457541	79.63181770723007	80.39919433988234	73.63124179539196	72.65936799505843	78.20908134790531	80.00502531960402	72.8226414477653	79.22155931791013	2.9702612450221553	82.45330621600037
1164	74.02111237493968	64.37426899928039	67.1441920999473	56.154720535403456	62.40540421812778	30.77317000716481	43.42496979206486	81.48730892731902	64.04735467755889	68.33972695662678	36.39393473413317	21.03143104878258	81.46099607083775
1166	91.19111707589515	90.71180378368702	80.14512673127274	89.52544372891005	90.75863525558313	85.1555985623342	68.31408376937132	86.96095729116546	89.32402849927827	85.40016541547568	85.40016541547568	9.100092398420308e-2	90.84404742561499
1167	78.89247024392677	81.48171989062389	69.35258991045374	65.32016153856438	83.68725441734006	41.73288628075998	37.91006728753606	75.68312507200528	83.20590462016409	71.06275757034005	68.37444467622818	6.974060181777954e-2	81.20339681815499
1168	95.68952927294218	96.50143911409799	92.82193894637398	96.4033710122999	96.6379690656842	95.69625342004727	95.35421420799204	93.17028307188234	95.8006498630719	95.14169740793955	95.33507463016885	1.5279812504687882	96.94861721029189
1169	53.780792093168564	59.549358249561436	74.17036564802363	55.04631109529631	57.011934495816995	57.040024451873364	62.67461807205558	56.193154073293904	58.37528895256773	57.93291975799857	66.19739684325073	7.904416225025196e-2	55.66811420020984
1170	48.06232328358371	40.21274691078023	19.279846672316058	34.62748282743805	38.280012389934434	24.278343878505833	18.701998898697084	41.82121980909953	39.52704356809159	27.087204828461065	33.853359565797184	0.46690345393930377	44.028127755508464
1171	86.86726953458847	86.58684464277158	85.27635458620384	86.98900630790034	86.38102213652743	84.603245571999	76.66554594482005	86.37903498572463	85.25191238541304	82.7153513019494	82.96369133932126	5.31232457871933e-2	87.68575928026162
1174	51.13330392440749	47.98426089162587	32.44485087287109	50.66269098669369	54.76539839048564	36.463994267341356	56.49916078923805	47.13807163563452	49.451961025810164	46.94021018981658	53.07840751599136	5.8178191488458354e-2	57.94090853852051
1177	96.3391746910662	95.99433298239886	93.62496377549311	95.01773743258713	95.73583544447352	96.64958883033528	93.35253099441569	95.3543686966706	95.14470689399465	94.71367246068245	94.71367246068245	16.04088697267092	96.56015497309564
1178	66.9321135178928	63.904396513243725	60.32235519269384	65.09365419388095	56.637015295883806	45.82185879187289	35.616614890556384	59.36006051623397	57.98194030953104	58.04805871881719	55.12776884952124	6.813226710965432e-2	64.692922901506
1180	84.48125503104878	85.95409313500227	67.86106006518457	78.6544467490293	74.54149891762657	77.94459246057474	78.95894562932169	81.83203744420024	74.46804873568797	69.44554970597024	70.33979936461671	7.086090917514962e-2	80.78006615256584
1182	33.449550622246484	29.727073424771476	48.098311274677584	48.84393773544716	46.523684950287404	23.60032764729555	26.90310241277546	44.336985489292225	45.853269167759464	47.967828978530456	47.80466890289054	0.3553138029821464	54.46994549989667
1183	83.55386494036367	85.02855943567465	77.1618378412255	77.19796278662409	79.12968687671389	71.05276751614717	77.94022908870112	81.79368606432668	83.06082702734165	69.06263508762173	63.602973037149326	6.4753450646939905	87.88146089717162
1186	76.2164162238577	73.18740116905272	60.171588426770185	73.18666808575139	72.93187284858263	68.6063012840783	55.93825462961433	67.49389731908234	75.34175618193363	74.22364059559204	60.86654479465604	2.4275874676588525	75.25139693400597
1188	69.00514943864994	71.15243270723627	70.90058992193018	71.89035815974972	69.08002611431901	68.9578181100777	58.32092091186928	69.52090869047156	68.58672911257425	71.15837367431016	69.78456463236233	6.861225984991466	74.21109223389979
1190	81.45468949722037	80.41594817158499	82.01595426093729	82.84558033701468	80.87206148518324	85.31017042099053	77.66877896692843	86.43532021731954	85.02515101092749	84.2360283732279	83.2679674308422	12.797148778626827	85.83354279571567
1192	85.87230426653993	85.84712592498931	51.005484914737664	73.09594810631985	78.07895419413354	71.6284532514899	64.12809692106369	81.9550623903236	74.2081051386497	76.8587982657038	60.245183784111966	0.18231256392735326	86.87712646960273
1193	81.29626321890062	75.16806870777768	81.05704074327919	75.50057785373079	51.107842557632246	86.84163153612272	88.60674488229478	81.78414270930064	77.76948633652312	68.83559109776424	62.6244712624482	7.615114338523847e-2	83.30278356339666
1194	92.9075953505169	92.92540971675933	86.44262799135272	92.15899541393757	91.97480647681799	86.90037620396836	83.60518512303253	94.0311797320014	93.48603534908997	91.24267990378601	91.06640419125385	5.6863132895124874e-2	93.87023737281824
1197	83.59064862359973	79.451722012737	67.68466267754168	74.53626095907869	75.6677098274766	62.104786020662274	68.78031581677678	77.95027103381922	75.51417146779103	75.03101229204377	70.72860095619336	1.2661213141007868	82.59514624909096
1200	73.2513598788167	71.07212338161352	69.600560707207	75.2303190978297	73.35004930877498	86.92188141654425	82.4504515340308	70.92568357184955	68.13134579199705	64.85065384575523	63.514915364924896	2.122987655209188	77.49713639900123
1201	73.51492528030964	68.3449202504429	70.1436080038183	70.09240225480978	70.06113799020477	67.62780474418773	61.86134954208591	64.84980930676524	72.1865999667897	73.64614749987413	76.80725909127423	0.12145160853318929	75.14782387902265
1203	78.52489569889043	73.58261655897151	71.52063871464313	77.40834246500734	75.20987223543182	73.81693098431518	64.67147264041843	74.64204155724784	73.48235446858868	77.44801904138441	68.82313806023235	3.3785430787687623	79.10297581975665
1204	60.52187448164344	65.93931215826807	57.892071166287565	59.441977129116864	64.70478384195289	51.11895980776456	49.76965139440136	70.839435337737	67.25061702785595	59.82618397037376	58.0418894739462	6.179634853189927	68.28338948441589
1208	66.35084237661937	70.22505045851078	71.71179682548163	68.35190164461305	66.25785482496762	75.8725032698631	65.4249058656714	67.63728185187378	63.871694845544056	69.49681736830182	67.89128539141896	11.888467046926497	71.5634643150477
1210	86.07515188229368	83.00834920450713	71.2910341269924	71.66767379819692	69.37197503745614	62.5083875803177	45.944422894526234	75.37418364871881	75.22264788600602	79.76723657024132	77.88360383616879	4.585721694733929	83.31397522862123
1211	91.40800313508008	92.2568847114076	88.3843994711416	92.24252536988332	91.10744156311603	83.15002136495856	78.01582169141855	92.24240032193887	90.62414981566828	83.05756901645533	83.14022070903584	2.5716425829811866	92.05815628433176
1212	84.00164471148858	84.16209909221925	83.58791726111752	84.42783136704418	84.67477862042958	81.78116389062926	69.84506626925204	84.09308188367886	84.09308188367886	83.35912064322987	83.35912064322987	29.77465932871965	84.85589411945053
1213	94.01771353848588	90.10371193159907	87.55663098117586	89.55158288502044	83.91073160155553	78.65210044888647	75.73169597064648	82.41229176453889	84.67254049898588	80.39067362876217	76.8227898173705	6.564748604562026	90.74281597336049
1217	53.783736555271965	47.46222645976167	61.052786636322	55.23803712239928	55.33087101740256	54.187546772255324	53.19706121686466	56.63254618671127	63.897393295825275	57.118119038800344	61.119960158398165	1.6715898810619796	64.08143594763386
1218	90.76465811986935	86.91168847367784	85.74327637994966	88.46679715149646	89.93300253077476	73.80354061152472	74.42454926429491	90.25697892605662	85.48487895221952	86.55134541252298	85.37251648282901	8.338095963856783e-2	92.7311881419341
1220	66.36404476505685	26.51050161202177	50.78262695387294	76.55033899855127	47.823250938981495	77.32061160574963	70.44225731985763	76.83869629525206	75.78620639308394	52.77790425433728	36.51112413188825	1.9132766543032098	79.63320161784767
1221	86.16162468484967	86.25276699996476	79.90427516709977	85.1470709533198	84.24024442421165	75.64430431983926	71.9298391606424	85.08264008907315	83.73161508696504	79.84525736810822	78.50265288792711	12.164182914714742	86.98239836141225
1222	78.68142373880093	77.66342154068495	69.05158064694282	75.11310114088602	77.6276787197973	65.67506787294005	54.49537848739462	80.58819073182906	80.49546310645496	75.79301549895142	73.50119286295144	14.885954307426056	84.06191020035027
1223	10.518461658217609	6.5143459864860604	69.26138753165388	2.5757726613272895	11.763109636393285	33.77229155188705	43.98333558657485	77.71067514888965	69.42246405641053	1.563136485116737	1.563136485116737	14.406755459116107	10.789926084143614
1227	54.12822379124855	74.60154287534128	49.70503583035785	52.30178412468723	56.19070482342984	50.77856653122493	64.31562860257509	60.07702322914608	72.13800013263777	41.12912760008187	45.29493387628919	4.513658113945873	63.11472647413875
1232	54.179715354937066	56.31241219057215	57.06229515536072	56.513554028943666	59.71585685192179	63.33165928455843	51.03753081305412	60.8441924423197	63.40950734371312	64.58162670324558	61.16366714895938	9.212787440104242	65.17888655742205
1234	78.5024680866826	75.85130046662188	75.74652367753798	79.99539189621167	77.89797978965277	69.29134828498789	66.49070684432643	79.52785501742147	75.60734082516166	79.03926632544062	77.8637022946848	1.976460110348708	81.08064592675332
1235	93.80731720645282	96.15601019940637	91.21424856433364	95.31715927173992	95.96715090709283	83.60096041957472	91.95512648703986	95.61206032893325	95.61206032893325	95.70269560678561	95.47301569097192	7.005668385645855e-2	96.31718060574826
1237	83.36882059750468	82.95706168608085	82.1067708405701	79.4155825993408	83.09887028690032	83.2804951908893	85.04625488908421	81.3752319927649	91.19798078577274	71.36258057068135	67.07309601586736	8.626590935602408	86.8965290315291
1239	93.68763709480898	95.03535156593878	91.34863838909688	92.3819599618043	94.18088103550792	89.07366952138175	84.47209482241102	96.13833800456167	92.6633363973698	90.55469400999414	91.86266187827623	24.562381893200016	96.32438703380686
1240	90.8408772301078	87.81118123254207	88.03003860398547	90.06903046838433	89.77152014160657	88.38139804564172	78.25330461772322	88.22903616953226	87.57787075077522	83.58036189041768	81.75709871789772	7.515718748353974e-2	90.5577802363078
1242	53.783736555271965	47.46222645976167	61.052786636322	55.291026700364775	55.38386059536805	54.187546772255324	53.19706121686466	56.63254618671127	63.897393295825275	57.14493825329454	61.14677937289238	1.6715898810619796	64.13442552559935
1244	90.54273820748884	92.52064299857776	83.26711516371887	89.16851153807072	87.93400403819291	79.23113280465658	69.58771209438065	89.08339535720441	88.95617786307122	83.93586171578198	76.63862972269506	8.481166323543311e-2	91.76595400049366
1245	92.60189436383831	92.4363532919076	87.21027269054741	92.12836169940152	92.03864751312359	81.20496680848487	76.54383488315707	91.0362714190956	90.49058957071749	89.52210061816872	93.1873441517498	0.10357720242664357	93.50753524964246
1246	79.56805860182965	81.86980320576576	80.19187778464499	77.43968232745613	76.13695132432491	80.77245973759311	74.38694633105608	77.25293721899142	75.7272125430532	75.35292880463265	76.4855236007553	6.194026739011553	79.74434806682477
1247	70.83349457357811	81.24328162289684	53.72477115535492	56.94587080861203	60.536663067294526	54.41812412089424	68.08388023079068	65.65500323635574	64.55050631506816	53.453865549734495	63.295158070820115	15.873625398624036	78.04492109067847
1248	91.83600610830099	92.68421716272154	87.4612537596636	89.08908509601213	89.30431680065628	81.52588891904026	77.05409168228518	91.45424848521041	90.72789970911434	86.31216411324979	86.16290700998395	9.711341555057436	92.35564789348375
1249	83.84473327017503	83.33204225785079	73.55942976438436	87.82840695424281	91.11045939310696	89.35934807535291	87.32857904432018	85.6269795090343	86.17456998157576	84.32774210947616	81.40396351447852	31.740753603367082	92.90652428843704
1250	67.26052556470455	67.2586590548337	62.0833087140499	64.50811637146104	65.22352615130906	63.99406044893643	56.08376025079114	65.97468482383205	62.4416488680686	61.84075163891569	58.24817069784491	14.35074109542036	69.70055812084253
1253	82.3122178685617	83.68442917690886	75.12195617145359	78.59986442832152	81.32805515892318	74.51134848269741	74.97116284329827	80.37477068761245	78.42572151469858	72.38857290598928	70.29997803040848	8.013914041550505	82.73533874469359
1256	56.102048887766955	62.809622804351115	49.30381041785923	50.641465538768585	64.18816465399492	59.082992473304316	57.72963428215544	64.27496617592261	66.64544385489567	48.82693172690712	51.47670734887655	4.6566132956822335	64.68961416159732
1257	88.99532221261623	81.69069273198586	68.2554549713591	86.55260201513518	85.52531238786068	77.67846058650174	76.75645415184633	82.65420232031018	77.19661662242413	82.88637003409772	79.07417612371182	8.97985154480001e-2	89.65251318540943
1258	76.73326880138426	72.59035968733112	71.47611445989327	70.98588711653045	71.35276672646084	73.64613701220021	71.94234187981043	83.34010459628071	78.44845126806426	73.57559890944297	73.26911218881638	6.1956472652503685	82.16644342004892
1260	53.780792093168564	59.30953240501863	74.17036564802363	56.07915482322916	56.92586418515594	57.040024451873364	62.67461807205558	56.193154073293904	58.37528895256773	57.93291975799857	66.19739684325073	7.904416225025196e-2	55.66811420020984
1261	80.86815375089255	81.5733502483095	77.73028668148226	79.92621886405034	80.6571483299074	79.44117947404902	78.84863236703193	76.21136177755568	76.10943855715448	77.25909976797679	76.43517735763201	6.997915900876149	81.80927679382384
1263	79.1420808552106	76.14782375268557	60.51507632522212	64.97151064907521	68.97707546326448	66.5243046434624	56.576381861005075	75.820447617848	76.96524999858444	63.89452954473812	45.19643133675652	10.335413077119052	74.31724780330242
1265	88.32705782175644	88.9891722639602	80.98783922062469	85.78814952861873	86.6954671457805	79.13568760575279	73.63658694068535	82.71770078386011	85.94626657868339	79.3726212307128	79.04837658180163	10.916902446868267	91.1060342131703
1266	76.46306527777297	75.11404639101283	69.15966625277494	78.66068881413855	82.05716451806897	82.53376187243555	76.72739362759219	69.35272109222697	77.76721429733378	78.31892892507078	70.43710635695606	6.737866611802848	82.57914602675314
1267	67.1291487740566	67.45616097175781	33.02278830479292	38.227746364603874	49.04806651518954	12.11533426916266	11.689617097712166	42.72102701060557	51.41543305769145	14.545110079140128	11.654859622912957	0.6450041338338032	53.208846677041755
1268	49.619030228080085	49.24784570832348	35.618004427337155	39.45445667064633	45.940073207110366	33.18855422113132	31.733839442740404	49.51073372577784	51.74052596687302	34.74746161493035	35.438022086354856	3.866990050680124	51.18302155149686
1270	95.4369011664618	94.23608172959729	90.4487872911937	93.40417757270785	92.2109519063658	91.43504512333969	88.54851516901522	92.82180006463692	90.26095103972158	93.02299527316187	87.98664066048329	5.347877030529046	96.41918537172585
1271	86.69096854731188	90.46965924635018	88.7803392471931	89.79761200465062	90.99563251567683	87.40065833447632	82.70227870585639	88.28547418717213	89.32457274762905	92.05820875729654	93.89066717705963	30.92513979039791	92.38695260823417
1272	92.6719850936156	91.69806267633075	88.80619373603034	91.10631075813941	91.10117176765633	84.80219076384952	78.26504270834778	91.28866112292675	91.07995947195715	83.29952840661467	81.2401793550758	0.11060000457124954	92.61788605200721
1273	64.36241638805949	71.76005109401224	54.93711207979718	66.24037769960582	67.54417019804522	56.41076600643824	61.20125556014248	66.69772274190045	63.9703833730846	62.79469777131009	54.02952550893628	14.954387557065266	65.31145991969566
1274	85.3296634816251	93.74987509313333	62.52080406676252	72.65185181051164	97.17200068970814	76.78696143028267	65.54464887764615	85.31755813239977	89.73099130208065	81.28847544276961	83.25154418340318	2.465140920941259	93.50244837711433
1276	36.77797193019507	46.050468428834876	20.548154950060223	49.87122030794631	55.221643218355766	42.645055072314996	36.44040886269723	48.12924964440593	53.28192117273045	49.268181689802276	46.258610053105265	12.39344466463965	60.27775135760894
1277	95.1296088847842	93.4499817103969	92.88749212266592	92.19939642757524	91.9698928695507	93.16889621894786	93.00049227813427	94.85640293786763	93.88115898944037	93.48100931097363	93.45937551469947	10.67475820031583	96.25247154095278
1280	83.25236189535275	82.62811210855261	79.63709311044536	82.83349302608846	85.92462994492685	88.16885554491893	82.32980499024659	81.73054943991006	78.77418262531513	80.6942700264624	73.12245464463315	4.814542837126315	88.9667164480915
1281	79.721711861623	81.23371730603847	77.24479022635028	80.25463745497034	81.3164391525054	73.82366851700287	71.62892431231806	77.64472906024807	73.80679603912547	78.3150158923132	75.5977537481696	1.8906231661563189	83.37638169459926
1282	74.92257850084508	71.56997044703623	71.96169253497987	74.98518307267432	71.88283389749625	66.49625344610612	58.01226990487657	72.99117987652895	69.44250144934587	73.17193335269106	72.28059500528312	7.611193069556468e-2	77.32129743431409
1283	85.87230426653993	85.84712592498931	51.005484914737664	73.09594810631985	78.17556539470795	71.6284532514899	64.12809692106369	81.9550623903236	74.2081051386497	76.8587982657038	60.245183784111966	0.18231256392735326	86.87712646960273
1285	89.9674901625634	91.3227732034648	77.24770036638331	79.10205425354422	79.68289857322873	90.98034687890365	86.00558218747226	90.54188720248739	83.12336438548755	90.74170590747974	83.80567832519094	8.312581350601166	92.27621148576338
1286	58.49977555742099	52.12845648647354	57.66298053685974	63.80656524506757	54.80287473264944	57.33687661826682	48.65543610580155	58.73434317519417	57.89988988278607	62.199588833466834	38.758802922614855	6.591195624460772e-2	64.27634269821593
1287	85.07736955399113	88.37397842008964	86.55769486673981	91.15525784829687	77.85024381556822	86.05864189637224	65.9962045305704	89.72521379671667	87.13655572251785	68.61190389125088	66.11657360809846	9.001452390231517	91.64685193397312
1289	79.99757593192014	77.71432862460823	72.80424526004664	81.591199925769	79.351678855912	79.70436859745001	69.77838069374016	73.06037777444688	67.42611675747996	79.86478582137812	71.23745324386293	13.425864011346656	82.46186867009541
1290	93.2069280587918	93.4928650919565	89.58316013461148	93.11067833647083	93.62229166002307	94.01096131983888	93.2069790000507	94.11795104982068	94.40388808298536	87.06332682688992	94.27267104647369	9.360061226387728e-2	95.55190906049243
1292	86.88732180717076	80.82593319991298	86.46965707827505	89.43390895972618	90.39826044337111	78.17603037631022	84.66110342818692	88.50262672867531	90.13604963181686	82.9468162553686	81.28005939432586	4.048429146504015	92.26436420031038
1296	81.13303656128411	78.00762018903819	71.19351532904136	60.74203133447389	70.95665941606049	70.52276200491288	65.12490553171394	75.97061511154479	90.97901016126347	72.91944145178634	74.34810910434012	7.894049801490988e-2	76.73138105293938
1297	92.52082154790521	91.91645957662115	84.46354102928295	91.51008910624736	89.98587959766047	85.12952136644151	82.36023943238528	93.30908195623185	93.25865128334297	88.76516713408887	87.19620606547409	18.959924984219704	93.10055444125388
1300	83.34932803101397	85.07882044142191	80.44781875326295	87.00791029701458	83.849279980551	81.99751847692242	69.80897161744221	85.3711877876481	88.09431412682461	85.59633540264744	85.59633540264744	4.352841327472847	86.56205662976434