"ID"	CB3"	"CB4"	"CF2"	"KO1"	"KO2"	"NG1"	"NG2"	"NMSD1"	"NMSD2"	"PP3"	"PP4"	"SB8"	"FUSION"
1002	75.49529417732415	74.19904554869683	71.61382306990656	71.54576552159088	71.17750969047671	65.40036422720028	59.93565216407912	77.07145854534902	76.65476153391089	65.92263964711589	61.36962852437764	26.70608163433746	76.5413254693419
1003	68.72109088508353	70.88867053658035	68.67278508261624	65.78498444303355	67.18878223151592	71.70786777976585	65.30235722726991	73.27679106820105	75.58566039340687	63.57993186820118	63.87755389415734	9.646378121129857	71.47907584403193
1006	91.19638156244804	90.80060075441094	88.38320426475109	87.62326170418805	89.87115584164602	86.0593863564609	82.69114074256005	88.78136945944618	91.33918223644659	81.79285874780275	83.682538286029	9.081409184313194e-2	92.44595997409508
1007	95.58688054443903	95.30857931556159	93.81404480195467	95.10939805502578	95.4526320801759	88.57179622091357	88.48020067715461	95.22869078305605	95.00017448320457	91.08433308333038	91.21637972522082	17.01569915492517	95.76620390880129
1009	86.38807645873847	86.47999862759285	79.59674343818418	83.06670788137195	82.52041078052767	83.3675224700667	78.58372753739236	81.05494821409522	80.50543622005092	78.42077728200293	78.67896214159283	3.507223953814334	86.6540392869965
1011	95.1784983689899	95.1784983689899	92.86661354750045	93.629264060245	94.10071054980601	85.17696699497768	83.5021047176411	94.44392796424935	94.44213409015563	92.87703595275988	93.03514799355366	4.193667457419811	94.92438417696934
1012	69.02210113801787	68.82648280933849	61.16622130386451	69.62819331688802	68.41632786657048	72.61512017662169	57.52528680086799	67.9509829392697	63.55747280167884	58.794813178219975	46.36319456946295	3.841017704519978	70.40507475515577
1013	71.5562148050591	65.78779072208734	51.149627799835095	59.411650713670916	56.29386394976835	55.238915472324955	54.81673248234921	67.5376466658075	64.14481958896654	58.07414261495934	56.65928511381423	12.196665233923204	65.73330176771209
1014	83.37657914519043	82.63477921085834	76.39150310274226	92.10203009155109	86.61397601498138	81.335818092072	81.62213715207247	86.89072580335012	85.38041872812036	65.6386218747224	85.16226611495823	2.6585514195377975	86.65192205283444
1016	75.18203635940324	82.10216061421681	68.62325156636864	73.68147653990181	77.11134042984888	55.73048331051259	63.05316771599062	83.25401096192667	86.5663020529851	70.91426033576175	66.0748332211976	33.45720773749352	80.67119625286153
1018	82.60516360042263	82.37081889077591	81.90012457874502	73.5614533059753	69.57769572864761	85.59898219446654	84.31474816271042	77.86037895973926	75.54054503016175	89.32810465751587	89.32810465751587	7.919236623579602	83.71520568253918
1019	85.08693762540894	85.00364295751785	78.11008580676184	74.02097948079938	73.31692721266332	69.96981759829673	70.98975513444013	86.04885943183224	75.57294329600332	77.98012428966824	75.67900700449391	7.471544481579043	87.65765874686304
1020	76.23387627836925	75.77454229293924	35.653688240995834	64.56087501338558	44.941198227159376	40.648773550616966	53.60712781979965	70.87901495678423	58.440398884928314	64.75213712453555	70.06422107847781	2.218272487975105	71.72864378856326
1021	96.94729365298723	96.41247631741327	93.61936992136076	95.69040356034803	94.62928950523072	92.6770137348639	77.53378244537662	97.1884469322782	97.1884469322782	95.92827314541795	96.25175936343847	0.5098499463513495	96.93877303695653
1022	92.9415941584987	93.58879822177413	80.99510168771434	89.78191780780537	90.03655292508267	85.19812007685994	85.62573961523431	90.32733983290639	88.15714273659128	94.19117373305055	94.4148309045405	30.16704818135189	93.7271847550952
1024	81.66408270465297	83.26983568305378	66.23237857809448	71.93187267530494	75.79238547658699	70.71437471559408	61.79425114158542	80.07782028119236	82.52582319549505	63.83587833893716	48.80850844037231	10.335413077119052	77.73030909482786
1025	75.47158118766708	81.43833663336996	76.31574895212448	71.6629703752521	79.319382992611	68.08908630608713	61.152808040234795	67.29073764033919	72.08253369814574	73.16527918307254	74.54111157242987	1.944803615437927	82.79415751957677
1032	64.79187042613356	65.1534738002545	67.02377503443405	66.99256373973006	69.16834027891069	53.588625435814706	53.765915139384965	75.17338637879162	69.88444105417011	60.58959333011826	64.88841848010654	6.299598641063187e-2	70.38073720752496
1033	85.02299676165634	85.8787473221332	80.24569265062578	81.74845590296425	82.71519403361505	77.67682992390252	77.45228692597018	82.42223482560465	80.77683284858934	81.99091665223102	82.07506712111017	9.65678276276308	83.35123745292653
1034	82.21051177351109	80.90995014040536	78.59099027719661	78.77216344563668	78.06433605113654	81.74496951277031	67.82081818687666	74.77832270980458	74.50757015061001	78.66451173575517	77.97057077296834	11.567718390449826	81.61092277385197
1037	81.31867668695202	81.1200837837077	72.86922824248362	75.53282753150916	74.98500002894069	64.94536905640398	66.25882840871927	74.28835218424226	73.69872916904768	69.39364986211551	69.69683693915906	13.79869094767826	78.11488440712667
1039	95.67254845032261	95.34974922774285	92.13470252701902	92.41431168425841	94.55215730624175	85.0227975137445	82.80256192560562	92.57857195720018	93.18470739048446	91.27180066494711	90.60921207020426	2.3861431191070204	95.31453511317882
1040	95.47539189449894	95.28853942422745	90.20773767183631	94.56691974498553	95.07011594208575	91.71192853249079	69.685905334708	94.60143274072156	93.90832421972833	90.21502630501898	63.264943871177145	6.241512928496163e-2	96.4983949270546
1041	93.10017021906373	93.29667173166244	90.356168630486	93.1952771459178	93.39203016589177	85.29557051537653	84.61695508346422	92.37020323967252	93.31854357482199	91.71796503623443	91.71796503623443	0.40656764933707695	93.71208637919615
1042	79.9264485316753	83.79177228398356	68.8686194998332	71.85488354123673	76.78448293001128	69.0476532641217	69.11994272472586	76.83377329749578	74.02478025987688	62.83324365854186	63.41311175478478	1.6099043517597378	78.20225263674784
1043	87.84287001750114	86.54325642016886	76.28577933956063	81.2584004698526	79.90779156729297	76.50530170933816	69.31868117845882	81.71769879970985	80.11638350762512	71.09754456430365	71.98348788231057	10.567270801947188	85.12926940140788
1044	80.84724029429165	83.976258418114	74.36377166730388	78.13569378740992	78.78349897882413	70.20537459632891	69.27271829264227	79.2771992359057	73.88437617775159	73.94735930270853	77.66187014212974	6.39389273850073	82.15046923025962
1045	93.69628069020848	94.21655250967333	89.49323864453552	92.06295729831743	91.97154611991924	87.71671403362552	85.7193630820447	92.67686547931989	91.8532334136377	92.75568034849796	93.7866632328907	7.656211529551518	94.82529724023152
1046	77.79307517878911	71.38495557995282	78.6632474019261	81.3761421902339	82.25623733040166	81.88337221302751	80.99364545330337	73.81428842610316	74.59043638640196	85.4493842471206	84.04106168687868	2.0862958074727658	85.0828460992545
1048	80.03163794382148	78.71464456386013	75.95112155561357	79.71119747355398	74.65919887391543	60.873419567779095	61.95356929251473	77.63256478254752	76.24266183573307	73.33671450176627	75.61861005820293	4.718028385847959e-2	81.74387393751819
1051	91.90996811581549	93.27454092587408	93.05853050170222	92.9836628545463	93.04703821355243	87.60884303655902	91.87758909558143	91.74464080364623	91.11707228742225	91.41896801588364	89.90132149077604	7.019212762912506	94.13067951143888
1052	86.78998234104309	87.4331287278714	69.28472921758959	71.89497680859046	80.98456550766245	65.67391199179318	60.44473719791598	86.04578015260729	85.46387297818852	56.84939632774285	57.79119786210125	2.190748829535067	85.04713827320181
1053	80.12700365897437	81.82755119642364	79.80502542524835	79.76760161555623	81.23554577963324	72.65982463012244	71.29506751849112	81.47529183574545	81.03120992479957	75.01919709149091	73.08109983408829	8.373091898771602	82.48985747417998
1054	91.18339637348018	91.7793700177565	88.78606872301579	89.25517545476858	89.6537335662925	88.70560538198899	89.18152946360435	89.87846539494574	85.1705522156298	84.03717250773356	84.13119204083776	22.952836038187694	91.72176692660213
1055	80.35453179930764	79.77337461440135	74.93716349841982	79.68119569820409	77.68855470148652	73.88179358157437	72.21792288847332	79.78551699779092	79.57654719751973	71.49304229098068	69.74465982974475	0.12324306441663083	81.22377565891007
1056	71.6412003458076	68.83057280455095	62.39837135064492	59.006897476454746	64.47186286830086	47.60757548814356	50.60255561289985	69.19563430942718	67.56150667600174	57.08980045716526	57.51466331785733	12.173169105265337	73.82071928582566
1058	80.1370636897615	77.95785040719181	70.45158984305075	74.78972573266492	79.40647418000562	64.3606552262862	64.51909824063436	71.3309311993881	73.6049860125926	63.99753712272046	62.60355258476758	0.14275010313221542	80.25154770845954
1059	93.27516144495459	93.99165476972337	94.0619425668345	93.90543281546901	93.59727025507553	86.3689783677774	86.5120350017776	94.67670038714236	94.39844179586314	87.26208724792981	86.11391306311761	1.3365767296182234	94.84218794145515
1061	68.34821796970712	68.45214843778459	64.54632648535642	62.38005856832611	67.245548121392	64.17635802575413	61.58852619147951	68.64431197176548	69.01379668355399	66.51523758972837	61.993749087755376	20.81602998319971	68.53871160745697
1062	89.36204072296641	87.50232964204065	91.36915755018019	91.53637647637373	88.89469458074619	87.75936494284642	78.23010178852525	91.92848461779379	88.96940929566397	88.45123697459552	87.83231574382543	42.708261505773095	91.91723585242875
1063	90.97034802926665	92.4589559625473	89.62013519680187	92.82698502872981	92.30513192774251	90.8458593321805	74.63307014764528	89.21806732649257	90.10709580417627	84.70520198114767	85.27326669672968	1.4803603327257624	93.83474171663678
1066	94.06076141809446	93.93116497467595	91.28928713204807	92.89080890254363	93.15592429779224	82.6161728365693	81.6406708080605	91.85374898633289	90.03101113168465	93.29468943473562	93.29468943473562	4.866998448558568e-2	94.40443633489343
1067	73.3722749215517	83.15014186523689	70.89094193736639	43.54354151595009	86.32206247329185	38.541825768616974	50.620718408835586	70.46457123792564	84.88642064737417	65.21532618201388	61.751988163267654	11.767053023472835	79.16468483934722
1068	82.21294500870161	80.19238204956278	80.72330831391639	79.08733688319573	83.67608537415262	76.2875902693275	75.15990765246939	87.14274534501382	85.91197476106954	74.18448817085827	75.67340848953354	29.757558297465682	81.94408148303515
1069	86.05995364695053	86.14799437399901	79.60647848593406	80.86794445395383	86.36918148961654	70.76850375277209	63.55923600993658	87.17087316219983	84.26713354301505	71.43461280020895	68.46442976921831	9.68356269189469	86.56984409625296
1070	87.22469151507374	87.8929513233426	84.29662848770256	84.82786136364503	84.26923847287043	83.27302893869165	77.37683663804698	87.54283431476541	86.56951451937155	86.2457180325252	87.63989751602546	13.508142419578906	89.57148780943376
1071	87.98630464300547	88.6829432931957	89.32279773067394	90.01848430352426	88.5267745295713	92.97663888272135	84.98653837505167	86.25611519538752	87.38226971205204	84.53583701251655	85.59008315398198	8.119661688195503	89.9506251542911
1072	91.74280032448341	92.42563287954337	85.69029209185292	91.79248395762617	91.2085954572821	89.26206672480426	73.83645113254764	88.51471503721355	89.15773182133017	89.06029559576272	84.1428893383309	0.15826205974415677	93.48027164715192
1073	81.2740014461702	83.91035034597924	73.20104266490395	83.53574736610793	83.49978502639621	82.31481915288555	79.82370687818707	81.21246416361619	82.36136370169146	76.98957104218836	75.03050342969001	5.852042488497261	84.43490324151063
1076	78.50060018523752	73.62883256847579	61.449518456882345	64.93688348321567	67.83630284346516	55.813117693051375	49.65575331346544	73.58615333717478	73.32899146751565	60.68655619899219	66.98127620848908	9.284283526264456	73.92366605184685
1078	80.17119851101666	82.13989019521654	40.44526986137641	48.80864182446532	44.376045617293954	37.03558348364481	32.65999979725471	64.96715476837129	62.29441422132642	45.160841101278294	48.25878621485884	7.15561364169406	64.3867693321931
1082	80.78390864337482	79.83343387427051	73.64343350854439	77.71282231731786	79.97804146130015	81.1855950467299	64.94040015438195	73.23953811116995	72.54203740053336	76.02075054698358	67.71212045138448	26.26256574732858	75.21665448374449
1084	87.57306764350109	86.65346726678216	86.74339602282885	88.19675673437189	86.35265758126836	82.3531756422726	82.6542703321677	82.72715451105734	88.53062234823203	80.12189332311766	81.27926851749233	3.1272660758673667	90.5928946899785
1086	80.43445190057315	79.76613163015178	85.18388024692524	84.23834030456436	85.08330260230518	80.71814676397581	77.96409595729969	87.431711488329	87.8850166039438	86.86837969927427	86.5939505891578	12.970517235969231	88.46954773986782
1087	1.1452058230115278	1.1452058230115283	6.902610413305127e-2	92.65330072086361	92.4810956942424	0.15373995983979158	0.15373995983979158	1.8114123156505952	1.811412315650595	2.1270266248072893	2.1270266248072893	9.011395698076635	1.1452058230115278
1089	95.04141058876351	95.36240358144116	92.59628982130361	94.34687375917052	94.04272631078663	94.50770472012387	91.20257048791849	93.08504714264238	92.52117229745497	93.9230445851113	93.92160321536814	4.906200095557342e-2	95.98789143443487
1091	3.420672796173113	3.1457527029591095	92.54229349201327	93.2740234356835	93.36842959147874	91.62996823214239	91.95067941335701	93.90449521670396	93.90449521670396	94.3118493110018	93.14892415552156	8.351802479009935	96.36093546308734
1094	2.2854203406338223	2.2854203406338223	88.76811181735894	93.40927117457824	94.11872960449465	86.50568758100401	86.6428090010848	91.85016041632494	92.1253535073014	94.47352216262132	94.47352216262132	8.34381778287924	94.97249970436016
1096	73.01634249371259	77.19056049102173	73.1572581974846	71.25594435839268	72.5944987632026	61.19907484693839	60.890281022379945	75.54611929075263	75.44396785646293	50.51650174317134	59.8378664492987	4.4821547675226656e-2	78.40654475866141
1097	71.6412003458076	68.83057280455095	62.39837135064492	59.50018278011541	64.15145809753857	47.60757548814356	50.60255561289985	69.19563430942718	67.56150667600174	57.23220257750404	57.51466331785733	12.173169105265337	73.82835200743794
1098	81.75402748499468	80.7999750802818	73.16344179398882	73.21001731879583	74.35392475289979	64.48202443191249	71.30102019565365	78.2343652197486	78.21503674478845	65.53054940373082	60.385198863591135	9.829622850621806	83.7689632871556
1099	75.27857797353738	69.65893741962508	61.24317034158035	62.82412351778196	61.09379805224155	53.95433922285541	55.94758471472385	72.5497873453471	82.59813779486569	65.49773284516162	64.14523647568767	7.011461689240213	74.06977728825679
1100	75.40953715236788	73.02094664062302	61.32428792705782	71.9390698973613	67.72860344836157	75.22104404594721	50.635499629183336	70.94642325347458	69.05460525683192	59.12864889423416	59.734180040684116	1.8008663803382488	75.04301267887473
1101	83.81524613332209	79.53022090500455	75.45405463289606	77.64359529369833	75.54021088483341	75.5969630100766	73.3644447049597	78.39960752898448	79.8264419634686	75.42855405995053	75.42855405995053	0.121048530438238	78.70843587781482
1102	36.31770245975582	53.035306841414766	50.87532445699414	50.553550309081174	51.97833198223667	51.92679844808986	28.612847551698977	46.55187904466275	39.800327828989204	63.95228876659602	62.36433237878257	8.060911751772996e-2	60.715536727059096
1103	91.42480217140883	93.55579207688591	92.13874944059125	91.89776630560192	92.58703203886954	87.46453548154687	62.8891013285469	93.66756078452887	89.98204794672202	93.75457541519087	94.63374204079793	5.549695580736766	94.44193336591721
1106	25.8873918489524	29.46969128813519	43.95510577099995	67.65942800485045	46.680154756972	69.05277948172207	49.239051340466816	30.407761290126945	36.00839689579786	60.522064223992956	52.86324598661673	5.12870536881288e-2	37.9178526795238
1107	92.40168214217029	92.55648980393177	87.06176352768266	88.93864473053476	88.63337232758872	93.9814869220839	89.37971850457333	89.00630798442367	89.83853389207465	85.1371481431116	83.03884476747575	0.11177631956704938	92.17245691284884
1110	80.53375899434312	83.2690622880151	78.26138477631802	81.3290598578464	80.27909027796449	85.06894390747972	25.373527921606232	80.09912481110638	77.72714869403342	76.37473997933994	19.61150112127534	5.4585818753784086	85.25834764809045
1111	99.10433209776257	98.83611524717489	95.88572989071046	98.90316945982181	99.03375031654245	98.02440955826552	98.02440955826552	99.49960223649765	99.49960223649765	98.98688839309544	98.71867154250774	8.922315608660851e-2	99.03727788511566
1112	89.16686777317679	87.55544726389594	75.43249302877038	75.167672996394	86.0360354462926	41.83604064366028	74.09123656998686	75.77539999199143	76.84766372488974	68.2434682471601	70.06263987580478	5.280847083004021	85.83024881914439
1113	73.40942735853046	74.77369595891065	71.32184902065084	66.67335651006225	65.84852430548935	59.867912101378884	31.23170282640966	73.629686037207	73.29696203758455	60.81124611856153	27.365918766341174	2.592421047616333	73.20825868731829
1114	86.18129909558542	84.53521774670853	73.78048797212278	74.00071699200342	74.46167566491073	67.31884876581486	65.25878053135159	85.6535330832273	83.42639691985634	74.74582422169894	71.75801934364105	12.053048173321459	78.23592375162764
1116	92.54527999075137	92.58713362737367	84.91020494086668	91.53785285084763	90.95442627212697	85.1781508722199	82.417925056338	93.33096262636293	93.33438347380981	88.80190733480703	87.77368920212936	18.897922152683577	93.17680364072127
1117	75.40953715236788	72.34568909056817	61.32428792705782	71.32725781349993	67.67184954835491	75.22104404594721	50.635499629183336	70.94642325347458	69.05460525683192	59.12006846643624	59.734180040684116	1.8008663803382488	75.11139647665999
1118	69.00022683658298	64.50965620174026	51.885058106372675	65.7955660550684	65.99747905791416	53.656023269170525	55.62326276473557	56.32433675712737	55.07338198683793	66.54378973780801	69.38870779818896	2.6162018024835234	68.11952044292147
1119	91.43129973879931	91.83585063421555	89.98090897336385	90.31851077174915	89.08003192967145	92.33134466470482	91.14435252141185	91.23263469440451	90.82863932370722	91.70133825606813	91.70133825606813	12.259328013503534	91.9441289973106
1120	93.7891302687447	94.8448753226606	89.08281000115011	94.09933687000952	91.56984239825582	87.84753311601577	85.93487654035918	88.94547857052346	94.71912402803292	86.1653658823592	83.39401701275416	5.5126791240940456e-2	94.86825225054099
1121	66.3427891776871	67.1945402567858	64.94811961970501	68.35456459284937	72.68179588603215	71.48605072111316	74.67824491548853	66.94016075397208	69.67624666824265	65.21792061667605	65.82064503329434	18.1070758187107	72.98442392097635
1123	73.40942735853046	74.77369595891065	71.32184902065084	66.69370566462986	65.46254678985883	59.867912101378884	31.23170282640966	73.629686037207	73.29696203758455	60.81124611856153	27.365918766341174	2.592421047616333	73.20825868731829
1124	77.75117497409994	78.47655353108142	73.22210144803766	75.74722775803698	75.92068314117442	74.302575641383	62.201203392541096	74.01959449978057	75.2487292818217	71.59356159963184	71.03961926306879	19.870898380106464	77.99212056975874
1125	89.85415680449059	86.96622654114401	81.99818677021477	90.55771673064102	89.8576317197019	74.20243808988188	75.83709072369548	89.83508738144441	92.52139649841548	65.13601031831023	83.83635269627553	12.237498387210133	95.36394664186777
1126	79.52548093784647	80.34266116930063	72.2317919006856	78.01849571399433	70.12064800509911	58.83850817298792	57.73718961322595	74.4554269464851	72.1849611811902	74.78664293264683	73.43206899251278	6.121059128272686	74.05199069876599
1127	74.7889716429206	72.67836046137423	60.48659229029161	58.821155106728476	62.52468542579847	57.80949814257976	57.24603688921411	66.63620831337678	65.71574226391952	65.66798975611474	65.92139444211683	12.686453416160681	73.45222420290759
1133	91.15317816842192	89.51753963735791	82.44024769631129	89.16121026368043	90.00422010302903	86.365268335469	77.93668989861486	88.0590685865103	90.56753248625056	86.29385246884922	78.29134395960455	2.9896838522525164	91.48992023932198
1134	85.97906443792888	79.37444580764156	84.81439932288369	83.76357502166636	83.5769932978119	77.21572076324543	76.62173760616734	86.0455209092404	83.90837889252799	77.33016420952401	80.1043657395548	8.910123932963811e-2	86.98670116979838
1136	93.77486512423728	94.9376513866096	90.4730159083612	93.57765736235325	93.73235047117522	93.70610295163324	77.4480530767854	92.52281993310503	92.75378415878805	92.6889794402324	92.61461587795776	6.046484162861387e-2	95.67836778181304
1139	92.86886063716925	93.23218699923864	84.34030477976339	89.57905989724739	87.1024668086778	87.92188862524648	84.9611945504854	91.8162758122674	92.74773258142494	85.13590455064138	84.56911079879013	39.62761650806621	93.32509748018803
1141	89.18567986314397	91.07631859620335	74.87280663753079	88.03420903370464	87.6311444267772	87.6243288791109	73.00288340414701	90.56688671733342	89.51609316320945	88.68652608912953	88.93887447410012	1.549367583824342	91.2200241344051
1142	80.6947387235254	79.5301356899342	78.44484092986899	82.84636156063357	85.66817868783463	84.1687512355939	60.91965992312627	78.14951981120565	77.8010896994658	83.87447055270387	77.92323988297507	9.34777383981939	84.27763864890481
1143	87.76619700054003	88.58572360687356	73.07721304537853	84.35807425702137	84.76009025225622	80.85194696256141	69.84628852485213	79.61191651839562	81.61028400217697	79.13583595687939	71.96550654749349	27.73258887554409	88.58567002738862
1145	85.75495905781975	86.52264211458812	74.36927289080576	78.92554726699585	76.21355973275908	56.80327555800856	59.57345091438817	78.6529325171576	75.84726490007695	71.32410488549613	70.78767828682876	2.2490746371737576	82.26193719787254
1146	90.38137816437643	88.29710692287784	86.88219316932334	90.0892138567247	87.59960880841379	79.9279399271194	65.30033118228292	77.25627710533237	79.15763991257738	85.89523568509335	85.50130910023881	8.0464189040454	91.05554194993465
1147	82.5934417714472	84.71708792123462	82.92626328106127	82.1043090010097	83.85158917817226	81.29201197048633	79.86691328965492	82.93250053092008	84.40137298200456	76.82355382926622	77.99767750679966	11.248588592811135	83.88602017680525
1148	55.65905632424039	65.44295440825876	53.35954354347481	66.54098070660672	63.078551010572234	64.75888314944773	56.05048739375659	58.4635693133038	54.56223027999234	65.09164354386998	64.31266793523378	4.445062876570756	69.77692071812325
1149	66.58040632406193	66.5977081194258	69.23429642276707	65.52257622536885	64.24269377934026	57.53452175232891	34.714485025363686	58.918243969425575	54.95581664888108	65.79988772989307	66.43568691396075	0.38584409394796126	71.8676346427307
1150	36.31770245975582	53.035306841414766	50.87532445699414	50.553550309081174	52.115634627046205	51.92679844808986	28.612847551698977	46.55187904466275	39.800327828989204	63.95228876659602	62.36433237878257	8.060911751772996e-2	60.85283937186864
1151	93.73529430662316	94.12501845929665	92.96931866373208	92.51700770004862	93.74173635829321	86.81018803132251	87.06099567155361	87.57261035035303	87.98884100689828	92.15307737343545	91.02154227314638	5.037949052747754	93.18083337879328
1152	95.4146064599058	94.6520577350171	93.42464450222143	92.0755471894404	93.8428322474796	92.34677247319372	86.01341159302565	88.55464217980847	92.06831111340672	93.43352440328304	95.24815172816446	7.702686731008475	96.0892440260065
1153	92.53900526507725	92.55263395560769	90.84745219484091	92.88854680899256	93.75371935666838	90.68485450065552	89.27183499515144	93.28530510209954	92.76075424899012	95.64103491590721	94.16256231099327	15.169421877569695	95.24384030414014
1154	97.17785067473606	97.53515186943629	91.34168000050283	94.73531214976492	96.07604234652456	85.1268672653201	85.70167657488996	94.49769008619813	94.64080906238645	94.8573084591062	94.8573084591062	29.06818139949247	97.68853211215409
1155	62.084308399786046	62.24451508042104	64.61774324257594	59.32791210873977	59.029585522190544	70.42572393494007	51.685157468388056	58.86816679087601	57.869264625934704	64.06643658877775	63.64031790195098	0.892165496718482	62.342714909114825
1157	76.06837080293477	75.47330151999212	78.18358109811643	72.56975283735704	75.03801560103564	74.61813029085431	63.22229637198411	75.44493305756329	76.12240874917671	76.6369850439331	75.81668240685768	8.88174387885536	78.25928900221703
1160	90.5047594300189	90.98447005969071	83.26528407493277	90.75995847421348	90.79911778410418	86.46653675239526	76.59915906624046	90.54948320474865	89.78343367709653	73.3045230125742	83.49419595869077	0.8807889672902676	91.99968066343888
1161	84.6735654485249	83.83938813832052	71.61607196255643	77.98944361342849	81.87201709013404	74.81431910569547	73.08253448120458	81.70904035583216	80.98486858466451	74.31130012984781	75.19347162097515	14.444570005164369	82.75093902144039
1162	91.15317816842192	89.51753963735791	82.44024769631129	89.16121026368043	90.30048594418221	86.365268335469	77.93668989861486	88.0590685865103	90.5304992561064	86.29748114723233	78.29134395960455	2.9896838522525164	91.48992023932198
1163	87.1393840109121	81.69638281459567	79.19043638281282	81.75854388756596	81.90731070242232	71.96825305059431	71.42192716436305	83.26061099995337	82.56555948160705	75.20477783033293	80.24838042307614	2.9031767996272713	85.55495458709848
1164	46.424518662119915	43.47024318197133	42.13113065584973	42.890679266239204	41.15048073994922	22.934121877966287	26.6536585322058	51.00716902190936	40.30276122113896	42.67868515974174	23.034350082750862	12.908807635378377	51.35205021921028
1166	91.42723428972279	90.96076872407453	83.49858233217222	89.80620839159421	91.0063449043793	85.5534944974487	69.16340715377905	87.31046158835221	88.97732854251079	85.791505871938	85.791505871938	8.85616947638789e-2	91.15255805956271
1167	78.45635211580833	79.42530342868473	80.59458643021692	78.05155889745454	82.08382401021481	65.57090329970313	59.10085225306669	80.44659347538354	82.5369192505207	78.5304753445037	75.27376551727663	18.71203085672858	82.1563067840967
1168	95.4617732057166	95.16163856900238	92.35477207567159	93.04544313405943	94.07456728367511	94.5916095145015	94.26821453129558	95.09928029618926	94.78389268290988	94.2346438148226	93.31803029421425	1.4446924604495572	95.73935611647903
1169	54.1714786134352	56.68199403367397	68.40687270033669	53.628688624922404	54.99700996158946	53.41694463889534	72.57491779731915	54.26243014083637	55.62555091752812	54.53950917642546	60.67539400954627	4.937675524226457e-2	53.67805852355324
1170	73.58904190434936	72.34805896228215	68.4765459570252	72.34616155768693	70.43998036926187	68.41533273443507	62.868020983981346	74.13883395771866	72.14487474970616	69.2810513949878	67.09445377821454	18.1584215637212	75.54864713570402
1171	86.86726953458847	86.97483157779489	85.36734302325856	86.98900630790034	86.38102213652743	84.603245571999	76.66554594482005	86.53141585321806	85.31330481585175	82.7153513019494	82.96369133932126	0.5135664740773584	87.78569991002716
1174	51.519819276905	48.392105420799695	35.62809267099915	51.15117954491685	55.83695393829634	36.81994109839826	56.49916078923805	47.87627575808233	50.213976132193125	48.61072006545542	55.89459147596041	0.7756149891968468	57.603061118620346
1177	96.3391746910662	95.99433298239886	93.62496377549311	95.01773743258713	95.73583544447352	96.64958883033528	93.35253099441569	95.3543686966706	95.14470689399465	94.71367246068245	94.71367246068245	23.879068902662695	96.56015497309564
1178	68.69619670908455	65.78446069653872	64.3207998246961	67.61248992906214	58.34778849355631	46.53708357781471	40.19177129799088	59.984622072892456	59.22961245761168	59.452776443847576	57.13219404702999	0.6007688841065338	67.42155712924412
1180	89.6608137333909	89.06231028810632	79.33932454232865	82.46446177336001	81.7797191995518	77.94459246057474	78.95894562932169	91.50644052685419	84.88963158979347	79.1025301912777	79.99724805798824	7.086090917514962e-2	85.67261314809922
1182	35.68587545410693	29.5806265248321	47.525994167834504	51.39172506189526	48.92598264288819	24.149948705088235	25.863214866823935	50.75329562038347	49.38329269823813	53.02539944949714	49.745254781398096	0.32737317076524153	54.767026721503576
1183	81.75402748499468	80.7999750802818	73.16344179398882	73.43344875624467	74.60761096893705	64.48202443191249	71.30102019565365	78.07695181563939	79.20038099268355	65.53054940373082	60.385198863591135	9.829622850621806	83.7920256704317
1186	78.74028624521296	74.89041481859495	65.59500759898643	75.50953233069909	75.79840535660816	71.26661046874946	57.657759179509014	70.06573928976837	77.47979657445856	74.41637778650993	61.67555897835375	2.390933473343316	77.90784799178411
1188	71.44947933968129	72.2736578889535	69.62570707547117	72.81317310313365	68.22142912036561	71.5111767293627	63.85220729494989	68.57121335850405	67.86612210965166	73.105429252112	69.08352126321007	6.450370396875235	73.96695805437491
1190	84.06004198455923	84.16639754233361	82.53470371593482	83.3041864298755	81.45095430231748	85.31017042099053	77.66877896692843	86.95406967231708	85.54390046592502	84.2360283732279	83.2679674308422	12.797148778626827	86.4060922608688
1192	76.94891478994046	71.5150363325852	71.72551581965547	68.75072472171459	65.97328537490633	71.59682542069923	78.44924060582056	78.23675102200602	65.33099497022548	59.255475043967486	65.9977455304204	3.1765686792934194	84.74723386622586
1193	83.2049796965671	78.25648553325998	81.6361943292794	84.29567158176503	81.65304975613674	86.84163153612272	88.60674488229478	81.78414270930064	78.6984381502992	71.61742430034327	74.78088270110362	0.6249182423459525	84.29666110630227
1194	92.9075953505169	92.92540971675933	87.68376887988109	92.15899541393757	91.97480647681799	86.90037620396836	83.60518512303253	94.0311797320014	93.48603534908997	91.24267990378601	91.06640419125385	5.6863132895124874e-2	93.87023737281824
1197	84.1625484744363	80.07763174454948	69.5975723359712	77.99681199103007	77.97774911427263	72.13406046561688	72.2766739017445	79.46180515350514	78.06995456955457	77.41677135341412	73.45113907673944	3.513807292506514	82.78720185224027
1200	62.32430904739675	60.321205642039565	61.177475720513776	70.45111624747106	66.72658943807302	72.8159644546263	72.65874657299861	65.57241260819086	63.994111935355534	57.39890798966732	56.33560749028107	1.6899818837078928	67.52652557078133
1201	70.1533024680961	68.31746251747802	62.60191660171445	64.11707655772587	63.43657413550209	59.14895011799841	54.4776836877597	60.04359830443767	64.10215437170012	65.21713180832957	68.85692868903955	0.7465757801302413	68.71480724540852
1203	82.179454860116	79.32652961012339	76.43790365004206	81.09845319462688	79.42366960150852	77.94980272089903	70.17343099513995	81.32727196672528	78.80117725665588	81.83517339673884	73.41518747546903	3.3785430787687623	84.60968968080694
1204	80.12700365897437	81.82755119642364	79.80502542524835	79.15553526153855	80.49734001975825	72.65982463012244	71.29506751849112	81.47529183574545	81.03120992479957	75.01919709149091	73.08109983408829	8.373091898771602	82.13906363565756
1208	69.2539242712632	71.73610965398592	71.78782462246369	68.8879015159824	66.83853954772496	76.26522128609375	65.9991665362288	68.19963255572868	64.49947826409691	70.00032247719541	68.86031328062425	13.38892530980364	72.06973087282941
1210	87.13840824637185	83.00834920450713	72.7719116452124	72.21356800885366	69.37197503745614	65.9252794517095	46.60225256676411	81.27298408743468	81.55528028057547	79.76723657024132	78.15496976368004	4.585721694733929	82.67577602924972
1211	91.40800313508008	92.2568847114076	89.93089128920117	92.24252536988332	91.68923515410653	83.15002136495856	78.01582169141855	92.24240032193887	90.62414981566828	84.7019678360749	83.95153706892916	3.658446745159499	92.18986538462454
1212	84.00164471148858	84.16209909221925	84.1035552495074	84.42783136704418	84.67477862042958	81.78116389062926	69.84506626925204	84.09308188367886	84.09308188367886	83.35912064322987	83.35912064322987	29.77465932871965	84.85589411945053
1213	93.3462101646198	93.09814346827447	86.33785589095814	89.05273303505848	86.39388090131972	80.86648891211664	75.76259669069377	82.50880954083932	84.71408885340507	82.0709518967906	78.98545219968524	6.405093417020548	90.13454981400683
1217	57.64843471755607	57.01846633530673	63.36293309966883	58.187335503203876	58.32752709910962	57.7004635291784	57.973799853894725	60.87723444328166	66.63003611882522	59.97458696485805	64.00763094454585	4.788979476518492	67.35748268346005
1218	89.47165082990412	87.29264892616555	84.07103729723524	86.34400911817622	88.11015097876775	72.82810315775069	72.63870929211926	88.09123492992474	83.79186120266132	85.05318992525036	84.25449081374038	8.138020784211243e-2	90.5060747339493
1220	78.3947735914936	78.69000665946929	69.73179715973762	80.23663927505497	80.80164259491744	77.32061160574963	71.81289173532413	78.93156812908269	77.87907822691457	61.18519604363074	72.06283808226065	1.9132766543032098	80.74470138532014
1221	86.93504832020399	87.26465521966429	81.23653557294126	85.79250769564142	84.24024442421165	75.64430431983926	71.9298391606424	85.08264008907315	83.73161508696504	80.25409628537462	78.50265288792711	12.164182914714742	87.1809931386876
1222	66.71595789113677	79.24149623297863	64.3456596966518	67.04831180407895	69.4423462859023	70.55880010410665	58.25121555094105	67.96717762727242	67.74855334029783	66.81247140256839	64.99183662138982	12.360500657201335	70.17364880749149
1223	10.518461658217609	6.5143459864860604	71.5886717532579	4.350051030327275	11.763109636393285	37.389031796639784	47.93093464275557	80.51302211586425	76.2967774122758	1.563136485116737	1.563136485116737	14.406755459116107	10.44522474140139
1227	59.35606915353774	77.14502101733896	55.28229353668763	57.05822208797462	56.19070482342984	51.774019143320395	66.0568790250084	63.79105695713184	74.43973214376413	44.46305059797195	51.69343744531454	4.7599997182828595	65.43742447558543
1232	54.179715354937066	56.74394768506793	60.89583144587015	64.34341461614686	62.65158652947701	64.61141060459457	52.9168595298111	62.17093059306325	64.73624549445667	65.63262136728164	65.42271120745707	9.212787440104242	66.85004721878796
1234	80.83051931434696	79.99958377593117	72.52500464369528	79.45059194771518	78.80683264258599	68.48160676253322	65.1085855106194	80.70086985659896	76.87752447889353	77.02130243335526	75.93344474095153	7.64381247555921	81.00488222555377
1235	96.20978888064691	96.39290894761682	91.12596363063304	96.69955689339662	95.28602695265177	82.94902749137101	91.96133245218374	94.54260250769796	94.54260250769796	94.91814681345154	93.981426421809	1.5092370441984515	96.33353247631798
1237	83.76483352853992	82.95706168608085	82.1067708405701	79.4155825993408	83.48221659121288	83.2804951908893	85.04625488908421	85.01573601370126	91.19798078577274	71.36258057068135	67.07309601586736	13.860659123128688	86.81890989893796
1239	94.74447601911632	96.09219049024614	91.47492369863728	92.4977653934134	94.18088103550792	90.13050844568909	87.59730275636018	96.32173588063986	92.84673427344798	90.55469400999414	91.86266187827623	24.562381893200016	96.6911827859632
1240	91.18414675383649	91.34689847580827	85.46282478816516	89.5673812368919	87.12186977252932	88.86346466111488	79.0044973448644	88.7225423406986	88.11222338330442	83.59441187328677	82.24430145758966	0.35942158503526983	90.96129499288917
1242	57.64843471755607	57.01846633530673	63.36293309966883	58.23742218382667	58.37761377973242	57.7004635291784	57.973799853894725	60.87723444328166	66.63003611882522	59.999936957866105	64.03298093755392	4.788979476518492	67.40756936408285
1244	92.31001058497759	94.28791537606651	87.27735111428971	90.93578391555947	91.20537602505235	82.33835475602162	72.45266373127697	90.80236633934223	90.67514884520904	85.53248756972441	78.47989711023197	7.923158553896076	93.93557018181538
1245	92.60189436383831	92.4363532919076	87.21027269054741	92.12836169940152	92.03864751312359	81.20496680848487	76.54383488315707	91.0362714190956	90.49058957071749	89.52210061816872	93.1873441517498	2.9581957909284435	93.50753524964246
1246	88.74967646110045	88.11764893149727	89.08557063868744	86.65042092716237	86.30801074634097	90.09099945881542	82.82447684014616	87.74862523858691	85.54020922378027	84.3194753021496	85.45207009827226	6.194026739011553	88.94556448292556
1247	75.81664033768737	87.58047167591579	62.62555715155423	61.76006904872568	66.29016059143785	59.37488837269972	73.94200251176107	76.34259204330301	75.21563300619637	56.21645359595898	74.4713444072709	15.873625398624036	82.5095901204623
1248	92.18204645605795	93.40773292880465	87.148409523365	88.45770972469933	88.6714160797758	80.94811400607095	76.50800844779423	90.80611117374008	90.08491003977903	86.75112268153958	86.17332021962171	9.64251716569861	91.6947559757918
1249	86.81611747902775	90.0309751206046	82.69973109848377	84.21002579897934	87.90461164847933	85.91816797728225	83.01491713776544	88.31501632525656	83.92554063141179	80.29438956812253	83.82048091957124	32.95761787373371	91.9713994219731
1250	69.81684565832931	68.66843335519118	62.65257805209396	67.4227838241317	65.5271306596127	64.88732635058632	58.34744337174831	69.01679294923456	62.859090948870765	66.27946626185162	64.27895636274694	15.42758656658885	72.1223140463535
1253	78.68973140382369	80.1667001934227	73.06295451413233	75.36600814283906	78.09434483929894	72.11858558155765	72.19753038944297	77.73913336939442	75.69554332386114	70.08923144328752	68.09255374431827	7.661228912941202	79.37958955422133
1256	82.93106315800155	83.74939882190557	71.24323624194317	77.1757416501391	80.10226134355767	78.66799107905598	73.83222417651389	82.25166961757944	81.20033290135675	73.85459255904158	75.70196387681439	16.383778494725043	82.98872797912058
1257	88.13547290733769	81.3253762265748	74.86450888182962	85.71635362743943	84.69898940130255	76.92795181019954	76.01485355827319	83.50254073228635	78.40301478796233	82.08554381178672	78.79663448111141	21.91877693961507	89.08074768044835
1258	80.04105289074808	76.21717090619478	75.94214465490852	73.77939715174391	72.68444285732323	74.89038485090038	72.37459643144982	83.1128969300614	81.61919266316814	75.54110525819287	75.44252709125226	5.8524992812408785	83.57081149019264
1260	54.1714786134352	56.59743176859728	68.40687270033669	54.27387823166641	54.94324416102746	53.41694463889534	72.57491779731915	54.26243014083637	55.62555091752812	54.547190004923365	60.67539400954627	4.937675524226457e-2	53.67805852355324
1261	80.86815375089255	81.5733502483095	77.73028668148226	79.92621886405034	80.6571483299074	79.44117947404902	78.84863236703193	76.21136177755568	76.10943855715448	79.42893514464436	78.82199627196633	6.997915900876149	81.6275961327262
1263	81.66408270465297	83.42057327200752	66.23237857809448	72.0491750869069	74.7953149779703	70.71437471559408	61.79425114158542	80.13647148699333	82.58447440129603	63.89452954473812	48.487056573706795	10.335413077119052	76.0042080981502
1265	90.47892975891884	88.9891722639602	81.76202954490294	88.48190714818955	88.76593604070932	79.13568760575279	73.63658694068535	86.04010334815264	86.22214759626831	81.56168768436514	81.2407711238988	10.916902446868267	91.12380507973502
1266	81.28312997700611	79.94702241176138	74.52959940520151	79.89294734292233	83.80883712512251	82.14530033081428	76.7457130113054	72.86271628369889	79.73476056629683	79.17338562492682	77.58244803535432	7.778240540101803	80.9490555887079
1267	72.34527261414036	75.87685985158458	50.202354089898	51.73940541170865	64.2967468881717	33.01942631760617	31.972668712063356	56.95265211290356	63.722252514526254	33.603418763569124	31.857928851531952	1.1128783090404246	65.33700711286973
1268	57.55542002962749	59.16873510875729	47.329202186949615	50.95122311956929	53.2733203931405	47.72541825147745	48.760445404377954	57.88532977773871	58.28136210792862	44.78916220150508	47.19770944734199	3.436130024280261	60.69777459194001
1270	95.4369011664618	94.23608172959729	92.06498599073359	93.40417757270785	92.2109519063658	91.43504512333969	88.54851516901522	92.82180006463692	90.26095103972158	93.02299527316187	87.98664066048329	5.347877030529046	96.41918537172585
1271	84.64654875769915	85.03221099448047	86.01378301104877	89.05307206852996	88.7868860609314	88.17907026929466	81.49157129722296	89.1374334064896	89.63247680741966	93.23914283406907	89.70670814095509	32.670007321813294	91.59706393947471
1272	92.6719850936156	91.69806267633075	90.66162402852257	91.10631075813941	91.10117176765633	84.80219076384952	78.26504270834778	91.28866112292675	91.07995947195715	83.8368618432766	81.71842138742964	0.11060000457124954	92.55630195829853
1273	64.99320938497199	72.1937212793896	54.93711207979718	66.24037769960582	67.54417019804522	56.41076600643824	61.20125556014248	66.69772274190045	63.9703833730846	62.79469777131009	54.85744131738398	19.204449242268947	65.49342081334497
1274	89.12562318210992	98.10312025073841	68.85811030602959	82.28099439142336	97.17200068970814	87.01664250905885	77.67419872108474	89.02816367939074	91.47514416521531	81.28847544276961	83.25154418340318	2.465140920941259	94.35319556057044
1276	31.707530049726373	47.1957021428632	36.811345656690214	60.24246107788602	49.12540140895102	47.51857449836503	39.18811228388148	49.60458637361679	57.905088846968354	55.44977668467471	59.01465874875398	11.396539682328905	62.11877002990399
1277	95.08809727041897	95.80762941563769	90.25862952743329	88.58909393326233	88.49007832740524	91.59909765039754	91.94472114674443	94.65943928970965	93.64635204906925	93.22946883826476	93.21029290944409	17.481972165373165	95.78566274954525
1280	94.21590333551964	92.94371029315106	88.37900744993826	92.33176660314321	92.95071213567694	92.18677571239708	88.29307058587715	88.28182420771105	88.09806395053808	84.88463698405943	80.40953338615935	14.51084528220448	95.89843068607168
1281	87.5621326416907	85.59898644284112	76.10511279174541	81.17085734472013	81.65731344231713	75.92124265458217	74.44565634817793	77.57644128957325	73.80204806192724	79.45772328692348	77.57920626150498	5.119553605732962	84.35783782161623
1282	75.70844112159175	73.30948809668918	73.1136166186843	76.09183778249647	72.750499237743	68.82946838369905	60.345484842469496	74.61425470238991	71.06557627520684	74.15045489353534	73.65939887740875	1.6059446099784909	78.56336533713092
1283	76.94891478994046	71.5150363325852	71.72551581965547	68.75072472171459	66.03618292378496	71.59682542069923	78.44924060582056	78.23675102200602	65.33099497022548	59.255475043967486	65.9977455304204	3.1765686792934194	84.74723386622586
1285	94.8670915865533	94.6748996450819	82.58897316138236	82.10395499641284	81.83596346277287	92.47102561565829	88.12823815258635	91.73502070644382	87.39993537732248	92.2053915374186	85.53204595584845	8.312581350601166	94.82914088388749
1286	67.3352609843563	63.175143754949815	58.951227797744956	64.83669982299249	54.39786663889193	61.283819838882735	51.48831183289797	62.55047505316155	60.31781770143315	63.030807464602645	43.22370337824363	3.202978520614861	69.44717399032912
1287	89.92940155146373	90.21220575716801	89.6685411294877	91.15525784829687	92.50307680313176	86.05864189637224	67.12742135338786	91.07021312368572	92.01492827091803	69.34765654693021	67.5593367780387	9.001452390231517	93.69718242532976
1289	83.28696491043804	77.71432862460823	75.39795471440183	81.591199925769	79.351678855912	79.70436859745001	69.77838069374016	73.06037777444688	67.42611675747996	79.86478582137812	71.23745324386293	13.425864011346656	82.46558611656563
1290	95.42319849326613	95.70913552643081	89.58316013461148	93.3966153696355	93.62229166002307	94.01096131983888	93.2069790000507	94.11795104982068	94.40388808298536	92.6381226947197	94.27267104647369	9.360061226387728e-2	95.89503350029001
1292	89.73074788016598	86.59527709356003	87.42085145370405	89.43390895972618	90.39826044337111	78.60839145605063	84.66110342818692	90.22899255805524	90.13604963181686	83.91197167815263	86.98134318287346	4.048429146504015	91.37171994611934
1296	95.5724431887718	95.23785839527932	93.91403039699973	94.65819898881385	95.92276519860128	93.65783189079269	86.859582037117	96.46998813088932	94.48698235875305	93.09879374532045	90.90373600993587	36.0966088861071	97.18611878957816
1297	92.54527999075137	92.58713362737367	84.91020494086668	91.53785285084763	90.01862781901713	85.1781508722199	82.417925056338	93.33096262636293	93.28069687208622	88.80190733480703	87.5052561935114	18.897922152683577	93.12311703899768
1300	89.12458477999678	88.16491676268787	83.33576365868993	88.63385281489158	88.2371234177954	83.53134816321652	72.86503107260822	88.50409619653844	89.14695778524924	88.69372011441533	88.69372011441533	4.7102050461018825	89.08263102213664