"SB8"	"CF2"	"NG2"	"KO2"	"NMSD2"	"CB3"	"PP3"	"KO1"	"NMSD1"	"PP4"	"CB4"	"NG1"	"CELIING"	"RANDOM"	"MVOTE"	"FUSION"
1301	0.11587974774705304	90.10010318905199	86.01147174814278	92.7340477679418	91.13993150212121	94.86094678356804	92.94785946730109	93.22507712380799	93.32493779641442	93.5800374435812	93.36808931240384	86.61998377406796	98.04709936817937	83.97662714695603	93.09163036274	93.6663376139037
1302	9.481376361447993e-2	79.37232310884501	74.23215232626559	82.21161670290573	81.36349780333258	82.63622127354026	80.34116111464648	80.32514469217105	79.81602925458036	77.651016834967	81.36795870351149	73.43012166518334	93.5808684707364	71.65090041744665	83.70898576831877	84.72335172287573
1305	0.917500545570216	71.46853925312632	48.93568489968189	82.29151516391376	97.17333551730259	98.76159369927827	29.455269739910754	60.45279507805292	97.42084865618051	85.78665200950665	98.78012610238233	20.718620106400326	99.86206896551725	65.20845004040828	96.83948640446954	98.49473492164648
1306	5.6727144715927915	75.13732304046755	74.12427272049008	74.09110135329567	67.23386739759704	73.2734808196048	71.95814284875941	76.22581882756418	66.3095080585347	53.93801237581582	69.6636625591818	81.89964363029215	91.85520361990967	65.87141630190825	77.82298534537865	78.42429191304042
1309	16.028968360921585	47.97308640396202	46.74896767817407	52.06966981596081	60.834886772902365	71.092534416258	27.927646967811835	50.42597591237475	65.97725345271412	29.837899387803557	75.3132211240257	55.600355640072294	93.23540780827236	49.640237122096636	64.88881240930488	68.82866054474988
1310	2.5983765758256214	79.42712407358181	37.86525195230154	60.18867655354999	51.44184770263854	70.66344677515661	75.59220175187829	60.71657656465034	46.768948540077645	56.717305149466334	71.03117678758743	53.680895389510155	94.47388342165023	55.26393648381257	65.97165579575113	70.89174347211143
1311	2.5724316004751814e-2	90.54942431296816	90.62833463314124	92.44593410046609	91.89500499872966	90.9669330450771	79.31647297869748	90.39190491063258	92.35842098614008	91.04513580656729	91.34750860799005	89.0218258767855	93.7905468025944	82.21450772976567	91.17926373487765	91.61178532312739
1312	9.213667486313362	70.89703849263658	46.53951456193667	63.22635701365932	69.42105459517806	67.10357168227668	57.62412500276886	52.544986670568235	68.85090679040707	54.80190541104547	67.24715161635169	46.44529091006029	82.2613405551791	56.64738769347492	65.5049785358279	67.10784131419125
1313	8.367977309239691	72.3095751150831	66.94413372661148	70.68838318324427	71.94803727608368	72.31111893042663	72.86510020055536	70.79171362126984	72.25465318645479	72.72031368036072	71.65409311251072	69.00620052601626	80.35820895522401	65.90294555930775	74.15747565348127	74.88350052662909
1318	13.887247260091998	63.26272735098233	63.250369260553455	65.45515758944973	66.01121583307172	59.71029810673708	60.53436004377639	63.4216318301116	68.59318953402835	53.916080616250795	58.503325537121796	67.51799206638908	94.67248908296956	59.42158557308947	71.79319442529086	75.98589897510239
1319	18.7576917126805	43.94130521620608	45.20381200460123	55.83326370282013	59.68593380903956	75.09427317517319	54.79547517741362	60.68303665897309	65.21793310291072	50.172222173684546	76.27282318670193	60.68015242964964	89.81688253684685	55.85319631337312	66.73747346955206	71.02627691816626
1321	18.301570540183672	69.97097613990839	65.68722030906659	73.28377102965027	70.209808388364	76.93985541424955	64.82848237296702	71.73398097233434	73.00331066438396	71.60469234215319	74.22377878257367	62.72495232061374	86.13744075829428	66.87555810509369	74.45676866304976	75.62889836186932
1322	9.422306976461192e-2	57.647381563161105	22.358076496361623	59.70493142956626	67.72819934884375	26.288801311694566	50.75228177668354	49.88235963096365	56.069742448447734	54.67786835729685	56.36493618125604	35.246954366027026	86.06321839080455	44.15803253767369	66.58853569306568	69.61119462575752
1324	21.75935339654094	90.96018947880012	85.86496222465287	91.45156104924477	87.47799273328772	89.3688356988873	88.57715514166699	90.59811694394216	87.6009482439231	88.22243030112708	89.2034777851899	89.92688061439492	97.89562289562294	85.30547939257752	89.9780029934801	90.45251754354706
1327	5.923110876812494	26.418499978946663	29.92284236505478	62.733703716483355	89.53165488265901	53.52810116125741	59.30035078511293	34.70557526454941	68.96539173026174	57.06110177588596	83.49680262678993	36.9844452968488	97.90697674418605	50.06936070188408	74.1248227536123	80.16531302135004
1329	5.17606242338872	82.33361715101016	76.64004161364814	80.41255618941709	80.28082297693852	81.0546015971759	83.15105986306757	80.51653035105984	80.2658619132945	84.21224914835473	80.83953173144202	80.90621670799713	91.6974169741702	74.41413632609186	80.746807793936	81.08580666232244
1330	15.161607701810473	71.99636908314929	72.23215238078024	83.35624296911267	83.78014924453787	83.81679961546412	76.35940238939833	82.99961279787632	81.30932706377479	69.64449786318045	85.06973070311561	83.74377868056811	96.42497482376625	73.32397430425917	84.69856144969766	85.82496937352991
1331	1.9563031562941275	83.34956810797868	82.37340997947625	90.8004476202566	90.3896809171415	86.36103080628779	61.4915479711584	89.20512213075659	87.64928519039003	85.00707286651192	86.50510044188194	76.57844135136655	99.21935987509757	74.5564368674988	92.87778653538318	94.7168836868029
1332	0.927940386683693	85.07415721123299	83.50194801402495	89.73895337978479	89.80830536756181	87.25108952121225	88.01161774625483	91.20452120804222	90.20339193296185	86.98140821108065	88.16590590373498	91.3538466615586	98.4028048305415	81.51184484165894	91.0666744183796	91.56046662375115
1333	7.46783081292515e-2	91.89210580058949	87.9425008821448	93.58284345572177	92.164928961069	95.01776003416238	94.38099979051184	93.2264300600573	87.71512299699464	95.80161100467724	94.78928908836465	89.73910461888566	98.45288326300998	84.56542569584103	96.04343787891307	96.30083869015068
1334	4.515889635848292	91.0001847646491	91.0116005390815	94.41222955988029	94.42448272919684	94.58925396468477	87.80120955807459	94.11007490217446	95.01066377211434	90.56426605370868	94.94026849342748	90.08441920634999	97.31595092024526	85.22241699129545	95.430876446068	95.51773592864758
1335	9.090670278178992	60.61943558098232	63.41895689139845	68.45312503437488	70.1476792669799	74.10606496895643	69.72034124139299	65.7265551627684	67.03674250845279	67.37634878330446	75.55385721148046	69.07358154268802	90.96170970614422	63.59749341512916	75.12955063545587	76.94416740936266
1336	0.10260528191621188	78.50077383681004	74.19212623604216	78.06196219453761	82.24868163284508	81.98110649368394	87.10472035541304	76.85486122481531	82.75728053251656	85.77732338249977	80.9668860212247	80.8520852772202	95.95628415300558	75.79544733609124	82.83420677052467	83.46280989024191
1337	6.532036606385643	57.52938549215233	64.4118270553148	72.6873412714141	65.16113548803915	71.42417550691583	58.75046694443146	70.43451817693544	59.93545200467029	58.708378825014954	74.07368154545921	63.55166554198755	95.38131041890442	60.1880705378714	72.34598972950647	76.85657179590012
1339	13.508142419578906	84.29662848770256	76.65400883961773	85.84566851521123	86.56951451937155	87.22469151507374	86.2457180325252	84.9511635815753	87.54283431476541	87.63989751602546	88.73758083523632	81.98754506674472	95.02875924404269	79.6707798819598	90.21708862096445	90.67601192588681
1340	8.161902272630128	71.93424150101228	69.91380561385678	76.78671392088651	72.76744783450197	75.81518570282769	70.88047121390095	75.5545321810763	74.6484309708155	66.17798876934661	76.12637255187258	76.39709077857792	87.99694189602495	68.4028622015837	77.944809216257	78.81745129455994
1342	7.471555319270047	79.68592906678576	63.956301441127096	75.17211874863504	78.58335684456756	74.63333395421074	79.26609780714529	70.650449910532	74.80663701224155	75.41065639208433	81.88188353780369	71.76946996431222	95.16214779372656	69.58253441475215	79.5740459465797	80.8510491050564
1344	6.568490002991655	72.19599654683304	70.9027643626789	81.97448200496325	80.76313175947193	85.1094621522987	76.3263960444006	78.12328574348287	80.90801959925832	79.42480617223536	85.4051479686579	78.06208993607703	91.83098591549305	74.22192869763029	82.76041028091295	83.72969851675784
1345	16.639598430148606	67.2223713041081	76.21939538134393	84.34725147107345	91.45533948907342	94.75786062186783	67.711025250048	77.3642804597192	92.65370905429602	80.86125075490516	95.39453596940983	71.80622924235857	98.46972721224213	77.51030155609891	94.73573275364903	95.75348637617067
1346	10.339750833249163	71.25136637775128	68.62956432226008	80.23494009375563	76.90630819496887	84.83682964397356	75.73843405860842	78.80176557096995	75.80986158756153	81.05499952703954	86.18798875540257	70.12885948695228	94.42748091603093	72.51062316466822	83.13717963267655	84.23750799405303
1347	2.522398174253893	76.01909394018752	75.76409139652831	78.58766941486259	78.44324093247856	79.77213897101717	77.22873545573073	76.42335399117015	80.71235490011786	77.79183191255464	79.18834567647536	76.03653804857817	91.05090311986869	71.00780043540055	80.32646215199773	81.3484164913776
1350	5.798373035104514e-2	77.99617800196016	76.64103713425476	81.40423457922743	78.76962031493358	82.96501764239935	77.95407129880684	81.57468341617754	79.23106330898284	76.62269380613861	83.17186784639632	81.82618807466716	90.33735943356959	74.27929546359435	83.27898754806671	83.7345443122799
1353	12.661579104702206	6.426335033192081e-2	0.18684180054045263	1.7563462830852785	1.8341182799801472	1.8176355081895412	2.201853630605743	1.5724786077724915	1.8341182799801472	2.201853630605743	1.6337678328767438	0.18684180054045263	14.828431372548634	1.9379555688975398	1.7563462830852794	1.8176355081895417
1354	13.1303720302412	81.13200549609492	74.23965127428252	79.54374923260794	73.79854739600358	85.36581988033657	68.12521607435237	77.28516712207308	77.86851173370923	69.36960903485439	85.5936093135664	70.19461621981552	95.01743896362744	69.15903530395221	83.59836410458541	85.01980920567766
1355	5.6535044702565256e-2	86.77485366012944	56.47633648030931	85.7159217874552	90.89887689349197	75.7815708992112	65.5103865220675	91.98692259977074	90.23206052156438	60.71997360785792	69.60045418016963	81.66862804260015	98.21724709784418	69.62665994038608	90.83950192782807	92.63398885685545
1357	27.536557794195655	85.92985213982092	76.55947935045185	86.503504231627	91.36133821577795	88.83656124091051	79.31998872572898	85.6492649446247	91.36133821577795	75.50650620000486	90.73466733495754	84.91510257426404	93.89416553595719	80.57990204594451	90.55719444357383	90.76519236811288
1358	4.910072544997265	52.39789128078347	42.16809702460136	53.77087191967107	49.91356959961107	57.31482475223878	55.33551009719636	51.37638290267827	50.75583763404613	55.53533408639346	54.42966598002108	48.07955935622258	71.1139896373057	48.74029720229377	55.616838863509265	56.60695242024928
1359	0.8319683505905185	75.51081005876536	82.77044312186075	88.69418630318407	92.10910718924536	90.75118425669606	81.64021271248492	87.69029915894484	93.2807573026442	79.62553059513318	92.64123927592196	86.98859479012974	97.95673076923073	79.31794489480185	93.18302551933955	93.28358993842625
1360	15.40656238136011	71.09231883059034	69.30226648681047	72.6276947956029	73.95374652584366	77.46214990830103	76.76641448448713	74.09502228580814	72.7135500800974	71.67257562056596	75.36971608429134	71.94850025242303	87.57763975155257	69.4516491208277	76.12810647653563	78.01586992564218
1361	7.529298250921265e-2	78.27214406042735	70.85496392995562	86.03365878161891	83.16057165167992	83.75574530635669	83.4816095258256	81.04205840150168	85.10782031067679	83.9034325957794	84.53597168574589	75.92164404057267	92.47910863509759	74.76215018746835	85.90522781347183	86.69928570601098
1362	10.503851846689054	75.95821564377376	57.832179523532304	77.566849852405	76.33403218376846	74.76984424110405	76.08993953174469	75.3135943566734	75.65873012100577	76.13297858206674	77.14661588967611	58.06855939670641	93.16508937960083	65.68289845036934	77.65098907881575	78.64501445045082
1364	19.092506400785986	85.99214508069903	81.93518694133172	89.82335423973035	87.32611982237492	90.15223752402594	89.55291258669669	89.6556781968947	88.79056286050184	85.33051544169041	91.39876258542454	90.92101411179212	96.40771028037449	83.01291275357937	92.05528010417656	92.29110097998621
1366	6.447247464940528e-2	63.84916337317442	62.00305961722704	64.32277451728513	59.67714203083625	67.3660836749495	64.57736292382104	64.90936853373698	61.414398167461684	63.13252119922835	65.41316835283574	63.46193265950013	72.00938232994552	59.100303254270834	66.00946826076411	67.22142799340345
1367	18.06352660719991	2.8392197286738763	0.25845173129190313	77.11133749966798	5.404741949009537	4.802167284127374	2.8254970411889877	71.02504852221384	5.40474194900954	2.8254970411889877	4.802167284127374	0.25845173129190313	82.42787560884337	15.700601281708112	5.464272070547336	5.501743928417416
1368	6.5846673820137775	58.182813195589766	51.065971157099014	61.907776641837216	54.654437550163614	53.4362033395694	35.43399239320326	55.04470819738276	56.18520450505715	51.184253606734174	56.042774933488346	48.321845739274735	81.77759740259717	48.93480425493448	61.16433962531309	63.3171840550859
1369	0.7694486399615903	88.637173756539	86.33640168330065	92.32209319426265	92.97001056283212	94.78523798305613	90.20172282252481	90.56646000867792	93.30677765519935	91.96367453895466	93.39739810389484	89.21219543301802	98.92058596761763	83.96416058017905	95.27055884081402	95.87054345421713
1370	6.22927633329662	84.25939449483468	83.10269181387277	88.21968377362491	88.43094221520788	91.59387680151481	84.41153352233019	88.15480891865089	86.02111536472736	85.30937683029525	89.97483021952652	83.40101535424577	97.15555555555562	81.26472630120331	92.02102524795032	92.58087673099976
1371	9.564948503814765	3.297460387040494	0.5364504075527793	2.7050173095930345	3.2649440085395485	3.409445726829783	2.0331052708573525	2.4250539601198344	3.768878037591298	2.0331052708573525	3.705571163276214	0.5364504075527793	14.221724524076032	3.376929348328761	2.817002649382352	2.9615043676726094
1372	14.139886663985003	73.97061938726273	64.55566444216711	74.20830471415752	75.27477565968455	77.0487904776712	76.39436416079867	73.85061523706982	75.13327620270599	76.39436416079867	76.73680805057114	69.72343881781015	91.02749638205488	69.18090665810637	77.3593804868363	78.54850279572413
1373	11.21958715496834	48.97743944597146	28.713874785967462	57.805563026486254	59.53161623606113	60.5071072832467	47.957708457172295	58.664197316435384	59.176853958070176	42.64991106198442	60.05259880048701	45.48373291889277	88.45220766618182	47.957004462725656	62.13606697350615	66.37883406525496
1376	26.642755290898574	90.49133159937543	86.12767851324415	92.62278398976007	91.57187546144047	93.57923962745373	94.88213970046479	93.68331143307942	91.60384767900254	95.26725782898512	92.7668216182888	86.58925873693329	97.57890185905738	86.05131607867735	93.37693715516187	94.10285363907529
1377	9.001452390231517	89.6685411294877	67.12742135338786	90.68233368033887	92.34917590722225	89.92940155146373	67.86293446698228	91.15525784829687	88.66637737519862	67.91284203516916	91.41412363141161	86.05864189637224	99.2226148409894	77.69244192760519	92.80173998173416	93.43348834368958
1378	0.14275010313221542	70.45158984305075	64.51909824063436	87.11466801131293	73.6049860125926	80.1370636897615	63.99753712272046	74.78972573266492	71.3309311993881	62.60355258476758	82.83324818971369	64.3606552262862	96.99367088607589	67.41608676268783	80.0520501323173	80.96143611058774
1380	4.906200095557342e-2	92.59628982130361	91.20257048791849	94.19939208803285	92.56191870511866	95.04141058876351	93.9230445851113	94.38762016683422	93.12579355030607	93.92160321536814	95.17130015873066	94.50770472012387	98.7372708757638	85.67536556489159	95.9712861184371	96.14334498186558
1382	20.44438868915779	87.09204458332619	77.09694753679861	87.86571124668087	89.5599285757976	88.47729909720402	90.41663853377041	83.4846650370722	85.40421874578574	79.04046100611923	90.31690166407783	92.22267492267015	97.11321605773581	80.91483694806249	91.27246867861508	91.51032715419169
1383	0.4444966859532545	53.58367313567567	38.86931046003384	47.638614360430104	49.76601227352677	51.829491447880116	51.94768443975365	52.586806757912385	53.15158127133187	46.35930299518864	49.398660800197064	51.76012849827738	81.31519274376389	45.44378706479691	51.70245888048708	53.58945454579261
1384	7.88694902302939e-2	76.02039382577094	80.04975514346083	80.94870512917913	80.25571477604797	80.31523848584197	79.68735713637317	80.89697206778915	81.787090925196	79.68735713637317	81.39093070673226	79.43809005717488	84.72934472934512	73.71306053380547	81.95299538843992	82.18254670784398
1385	8.700800106808106	89.99907505298862	91.61364326216258	95.19877043627443	94.52986876190171	95.36259599479999	89.78121592312864	95.45214342859556	95.32312393201777	90.32670555264136	95.1396035711507	94.8245211147256	98.78787878787877	85.68256366199647	96.38062340364095	96.57430039603318
1386	8.468012224627133	81.64192209042024	86.84702426005634	84.69020483485698	78.04538309595868	85.28925424804375	70.62551710157948	80.6333104743119	80.68145763679475	70.24790313431257	84.46799402455774	88.17643826116	97.1021860701576	73.14139956303488	84.94328874100835	86.58290375679793
1390	1.5854674439061425	81.12995668114156	69.14778323430674	84.44188307569938	82.91814807320767	85.70506354996736	83.09150958892646	84.81210167998564	84.1799009218675	74.25467883296126	86.53663421350379	83.9158343989893	92.30114844746888	75.60155820719373	85.6602669073522	86.04507368131222
1391	4.6930211945260786e-2	70.70116574753398	69.1088646751372	86.05371554508106	82.41659152513681	89.26105045732014	69.45000015565729	85.83713108254963	79.93979207375766	56.93998339268228	89.35422456501179	79.05110102287519	97.59972954699136	72.33153818099588	88.51742898198462	90.17655000638835
1392	11.58778950490655	71.99665053466008	77.8230333285216	76.91395419302076	76.70424896779826	71.96683979278575	65.68940038339535	72.67928322120136	78.57549549512215	73.377723234696	76.10437425458939	75.22444958026321	95.24603836530449	69.59553541644486	78.50065300996745	80.16886305463935
1394	0.1777744096400572	80.9481212066089	77.15856105692632	87.22547134333084	85.74449372725476	88.73338071152335	72.15876520894359	84.9921913051619	88.38318702223171	79.34244071073941	92.08478242079258	80.34775738300665	97.1811134601835	75.63190629888884	90.81384165941915	91.77412080285977
1396	12.831890761383253	0.10137721308390711	9.244013031230437e-2	0.37386796933072336	0.6841005977720589	2.7148947165316613	0.8810699942059361	0.4663080996430275	0.6841005977720592	0.8810699942059361	2.7148947165316613	9.24401303123044e-2	16.15257048092854	1.9498262533803525	0.6321857753517658	0.8831538086224414
1397	13.841567091458243	66.49377253984258	64.09637658533646	70.31347285597788	64.83205247484872	69.43959025882788	73.8691869744072	68.20764218471311	68.94330390888003	71.381978816952	71.50085183189876	70.35513995413727	85.85944115156646	65.1158125918167	75.59118534409276	76.78534981373083
1398	12.164182914714742	81.30209459442011	71.08539139306147	83.60139965724126	84.3635126298637	86.93504832020399	80.25409628537462	85.66138965268375	85.08264008907315	78.50265288792711	87.39196385373693	75.64430431983926	97.83748361730017	74.74053189592308	87.04478349084089	88.0971395787466
1399	8.185558590408702e-2	79.48289853120633	77.37510682951866	80.55777849862477	83.46639677672547	82.90780400248092	81.71713548872287	78.27904072059837	82.38241083663124	80.38524502226359	83.00664995739928	78.24982019252361	89.946777054997	74.19405082127821	83.00466487486918	83.46777539736667
1400	13.223733573590712	71.70558436964942	65.56555356592261	71.15780961288603	69.08828425285746	70.45416740891501	67.3028251220621	70.61550310966597	70.37584636543099	67.60177039395018	70.44199240566493	68.5135656903703	82.92170257488176	65.31133836246103	72.06511417796214	73.10275279739955
1401	5.898574829549712e-2	50.979450964713266	46.75228353186801	63.58860973121169	63.34182833695711	62.89404514673017	47.48182352373701	56.83169055396987	60.0523965483174	45.71625433627452	57.79624714661551	52.978082271643466	77.82126549249799	51.57505354691042	60.45575182276024	63.317146778101716
1402	16.881802599839364	80.34230719432955	64.65764037633654	70.50006339264893	78.98030684831274	77.28797980028813	70.65861316465988	68.82252984671365	78.18974888219024	69.0817704339063	82.03033139524622	70.7268542756237	93.98951189995955	69.24669455428536	82.65603785372264	84.2706727573193
1403	0.7997819550963603	77.11381423104892	76.23711776922836	81.29132333172329	87.86736368853073	3.970654054297023	78.74434666104871	81.79684508366938	84.0202002451577	76.05470880306416	3.854860994877226	78.20590543635547	94.53750910415147	64.31644539986874	82.90286050472339	84.43243254878018
1404	9.136594135472686	66.17746944850761	68.34703592671457	76.3921340552494	77.4575423095041	80.38234833486284	71.63422001235764	75.38081043086592	79.32291995337538	56.50414734650122	76.29745505657021	64.61382969885432	97.40559238973768	66.40826061927318	84.05430817212634	86.01480971398121
1406	19.841484264066864	90.34489908768032	81.6669097278065	92.69055480903215	94.52735957601944	92.8121336243928	93.40243506922687	93.52481780502613	95.09590430073406	93.36816753385648	92.98622893532904	83.07840845918898	98.10195227765729	85.47866434595122	93.93720568377955	94.15412734407248
1407	5.834167629838198	85.39641898870929	70.3552261186177	86.94397301918208	87.38393457575906	91.0967049864258	85.00083801330275	88.49210890704362	87.93733300583267	78.0217780510374	88.9345744641535	83.76268770979975	98.88524590163942	79.13352622781827	89.21325160539399	90.38642414835351
1408	15.40656238136011	71.14011065331208	69.30226648681047	72.5799029728812	73.95374652584366	77.46214990830103	76.80106084688322	74.19060593125158	72.7135500800974	71.67257562056596	75.36971608429134	71.94850025242303	87.57763975155257	68.7786107542353	76.44486547478262	78.30010257830884
1411	3.023181151311921	89.23538659778227	87.27384662782478	88.0159777631026	89.88125872717826	90.36324765150188	88.37141827383459	87.57183880545534	90.5351451002876	88.17023132701021	90.02771489277663	87.54584553725144	92.95592048401066	81.3697301286288	90.29127832211637	90.33440661428071
1414	12.792603519076648	81.829270128386	74.81639255530187	85.21730422301621	79.5868366136187	88.47120354344491	83.12301097341542	86.01845242999714	80.40814563017963	86.46937512454843	89.5311640115828	85.76354982584094	97.90794979079504	76.95611111020145	89.10181927475023	90.50226547438777
1415	11.529990956126582	96.01009997972028	89.6819817705994	96.73575658863048	97.01596049259149	97.51187120109452	97.700597395257	96.60663898706741	97.38855385685558	97.700597395257	97.51187120109452	88.94088160465417	98.6815821014783	89.33570870344568	97.42508603223729	97.52749484064168
1416	7.783618537708777	80.8982071214957	72.56231175341563	82.64444522168114	86.14928237633634	79.55834748732671	75.23010049269968	78.25100009654847	82.80435943718838	70.06723225896282	81.97153730372688	75.23841521287068	92.3804519180232	72.38485956643557	84.11078144156784	85.1129983332731
1417	3.0745410334001093	83.11722213436296	80.14339300626744	85.31645074022575	88.76363877058698	87.06092046479444	85.60479364440577	86.6102982338109	85.39536184774505	85.8653287523131	87.12674839368754	78.1223721826825	94.15676959619992	77.87619275531888	88.9950073817649	89.4148189826187
1420	9.59493224034798	73.98836095376713	69.57215500125523	75.02234957664669	73.53168904830169	84.70068422241582	75.66317798386751	80.137207382026	68.84860163085979	75.63344404566372	81.37361690648571	80.57251738973493	96.99179580674564	70.49458707600634	82.51700833187388	84.64551095987282
1423	2.811065775445947	65.01747378460657	49.807217827343294	76.292860194037	78.81043970201053	72.67272810394084	56.74295357402579	69.89298096251775	77.09653443099556	54.54366187842798	75.19614954576514	51.33379184181505	93.61269324654194	61.429966812687695	75.36230116425729	77.4969731495588
1425	2.9234809553253918	74.49295708814282	72.1757506440654	76.49476578385342	75.69897129014281	75.94589172461541	71.97445668847483	75.84496082538821	73.31416284417548	70.99238946013816	76.79881298796005	71.37893161061425	89.58660387231805	69.06831820008524	76.56064669742722	77.53943186069631
1426	8.80524860574587e-2	87.04720970969758	66.13904606777112	92.2246215569033	76.36309893485745	86.83675160265017	77.49989968180556	85.83032370614461	80.2902247123815	78.59154248704395	82.94041710054019	77.79292777507364	98.09725158562365	74.53026304625749	89.12939682621356	90.37294835445927
1428	11.323765260320883	77.48258127178022	69.61183129500446	76.75287677385299	79.6377159268944	78.93901088868212	79.04952884483993	79.22754521534065	79.87319535346883	78.79009118773973	80.94336942340983	75.9300797739184	94.90575649516079	72.0177089151748	80.80681072277903	82.0872229885506
1429	3.285128396558697	76.49708459740786	81.14868581036602	83.57375398174361	85.56337461310298	86.413583479022	79.69579344504525	84.03289553619311	83.10524051548173	82.17439686171394	85.93401869799617	76.4371770999478	92.89392378990725	75.38351984694141	86.54314950358895	87.18620898252816
1431	7.995276541240848	93.08312050586176	87.83231856518411	94.79419809190881	94.37300947383737	92.98064483725224	91.14131186046343	92.17191371199364	93.7029975308093	91.53455873324235	92.72638014875649	89.87120165100504	98.6512524084778	84.54946453772058	93.98096063998429	94.48591875453286
1433	8.857126800326964e-2	63.368879998790895	64.81220736463011	65.54015491732294	51.6318107176161	51.73818192893146	62.46948303083083	52.65844286345399	50.6925813573299	76.52741295777436	52.35087127540089	50.49985251380609	94.04693760732697	53.804341759172445	52.67095215677914	54.99174789035601
1434	8.302754213575554	84.66801840716691	94.82825066975862	92.6144522382846	96.83168684837933	95.80425361716604	82.26128375284104	92.65841214531277	97.47262752256222	87.9591930559618	95.93244175200263	93.02811816012876	99.35924818453648	84.55889862100565	96.80316183836186	96.97407935147729
1435	5.656961480691904	64.41892022337726	63.114358848261375	67.9941157797769	64.17197374155373	69.63974327757428	59.64710963621047	67.02396928704553	66.55873153296145	60.11459123748516	68.58791269358272	65.43047948709456	85.9513274336288	60.51637058720755	70.79108554340834	72.52688927765185
1437	36.47664991992617	94.10907646366272	93.33085940508971	96.29457829056626	97.51845931363225	96.16344818095195	89.80563009032673	91.58245794356681	96.90651880209921	92.0785519903063	96.55683850979462	94.33619024546542	99.73776223776223	89.08242226178413	96.51312847325661	96.99393887517539
1438	9.413919208669741	73.33374956680875	76.5877553776409	81.31370527485682	76.5495593604039	87.71661631652529	78.96329990536225	83.67858905574349	80.20176747913533	78.2445456047642	86.6925836832121	83.68216766966185	94.39906651108535	75.38398444599343	86.5449034171067	86.89503680125328
1439	9.513155846918243e-2	95.50464487374273	87.35937198594266	96.87237017838471	92.6743150112039	97.64314628518619	93.03434494033799	96.811229827791	93.64804906013318	96.40827517526525	96.23768506443784	92.54685213526732	99.7072599531616	86.89110900162818	96.55793740485525	97.02642447843803
1440	37.14459631280921	71.98337034648856	74.12277525098047	79.34703860592712	73.1611262809638	79.77421485567665	77.1149797189448	82.07673739976326	72.50209271367962	78.04453685493871	74.46631778491006	75.6498708792156	91.82036888532487	73.18816096618575	80.58049150183811	82.61015572977557
1441	6.590288137273786	88.88316219260372	79.50935394634988	92.57145846581699	93.1119174057232	94.32539021715361	86.69043758686111	92.36513801511875	92.72129980726315	86.69043758686111	93.7501046754387	83.52397398414644	99.02152641878679	83.97595030757049	93.66843500035928	94.21197246090823
1443	23.546184013323572	87.81238301584384	82.67300820417918	79.34559969264053	87.39345089076991	89.92332578560206	81.31489303587149	82.09285053916555	87.50154997408882	81.0415510174414	89.4001867531888	77.11493502215299	97.54677754677769	79.41701455080486	89.57110081367118	90.59130420368548
1445	22.22826823838347	86.43545585863689	81.6904250956926	89.27014157615324	90.10476681087263	88.94642432216887	85.03730735264011	89.94994621063664	88.79027069568687	78.2443565114476	89.38059250930252	90.15496119952672	93.3226065969431	80.97939293475766	90.03978252425688	90.63671474660009
1447	7.476618542686318	0.32674677852315376	0.25328836108116115	91.81965681087722	2.613949651353207	2.397150840648533	1.8009541112106782	90.62722340967552	2.3971508406485325	1.8009541112106782	2.0177529219153523	0.2183473731708198	92.36186348862425	18.19428405730109	2.126152327267689	2.288751435296197
1448	17.029824154835683	64.00060914483286	59.441010788083034	65.73792378170657	64.47627441927817	71.34444944629055	66.0673274877658	66.16537124026661	63.268943133957265	62.43744100981715	70.1251744104256	69.30158611535407	89.31841302136348	61.018850353484474	71.43042612237231	73.59719164224988
1449	6.369254105962155e-2	56.988774416935385	44.7033448442679	56.13049335478273	56.002684117329714	58.05103534785739	73.45096443566334	72.8426674666412	56.60730481574332	43.682802814766234	48.54871143530273	59.77439679592129	89.94784257942149	52.118917048410765	61.052286211484564	63.880655299558875
1450	3.7811411550320426	59.02859068086678	65.37009785590826	57.74192425763592	57.29807770414784	65.6219874561202	62.3914160721959	58.77859908880359	63.05608009000473	63.20814815664839	70.41597919828028	55.81337332815966	87.31751824817508	55.48884004817691	70.22925717739741	73.50990580383116
1452	6.937608484257172	66.4513619071593	60.586179966213074	75.63554209957711	77.5287229964168	72.78568573469872	59.689334516259684	64.56949582010067	76.99711428933989	61.43741118685855	77.13695321905887	63.134057827073754	90.73856975380986	63.36160174155289	71.74835391890075	75.77752824156698
1453	0.9953783835956366	66.99013444310818	73.49298912372882	76.19155322258275	72.85429328865446	76.29332317447809	76.68703733937701	73.65038809607685	73.64202306168605	77.47821626716151	77.10007809552117	72.0152823617333	87.12653778558894	68.65978925104108	77.83669214447569	78.52624872945144
1455	11.767679658673538	80.60664118078374	78.49271658844879	79.76864868444494	80.93095770143789	88.58653306687398	81.4371426909831	82.9626065701233	82.65342494628234	79.79361132226227	88.57920840792463	78.49000973072626	96.11721611721667	75.86884777608887	86.61152446407289	87.63963840071821
1456	17.303617471839907	87.40650431701982	88.74621472425761	92.09545317876821	88.0152595451507	92.15858593399624	90.57790774339985	92.56329585280906	90.91705034847607	90.32195644877925	93.35568553216783	90.19091679973596	98.53454291695743	83.69790439512643	92.92601228135726	93.86003499079558
1457	21.479313847534012	73.10658067643494	71.50688901908579	85.91277520868029	83.7486894025955	84.63368724942136	84.73268473062878	80.88309459679252	83.38838749122688	79.14937527246597	84.43424025468744	70.14302622977118	98.52778800147219	75.06094956590623	88.72703085723154	89.60089682498099
1459	21.91877693961507	74.86450888182962	76.26021472991884	88.83224716722651	78.44035586535882	88.13547290733769	82.08554381178672	85.79498325997893	83.53988180968284	78.79663448111141	88.14144837297549	77.1733129818452	97.44847890088325	76.88315115589045	89.85687347295594	90.4933464675454
1460	3.2253748008721246	86.30203908324351	81.51221800891106	86.32685074585753	89.00331938790033	88.58255797475583	81.08424578462377	85.9655924934947	89.67407428837232	81.08424578462377	88.92231104099237	81.51221800891106	93.2449494949496	77.4202625105936	87.68146513469881	87.88542065654987
1461	17.029824154835683	64.00060914483286	58.985143784170816	65.6870340479889	64.47627441927817	71.34444944629055	65.97372961218049	66.14806180738991	63.268943133957265	62.34384313423186	70.1251744104256	69.30158611535407	89.31841302136348	60.383212648109485	71.12983050544945	73.66650486404622
1462	7.019212762912506	93.05853050170222	91.87758909558143	93.16031459727296	91.1723029124644	91.90996811581549	91.41896801588364	92.81447577793274	91.7998714286884	89.90132149077604	93.45012781986476	87.60884303655902	98.95833333333336	84.4870598582301	94.0088467767353	94.34365056244634
1464	0.10168383424888061	80.0764471145269	68.92636206832499	84.99857133838391	77.69342014640142	90.18083229783252	81.09132331058392	89.05169911882564	87.4383662461941	66.22508653837647	91.1848759591305	81.97867537444439	96.79218967921885	73.84770301719527	88.17127788109649	89.18775228004503
1465	12.81949423641108	65.73200831179412	61.85352859094362	73.64149408349255	70.34724427577873	81.61650451828105	63.599857108842606	73.11096127459778	71.50194071933372	68.61146135298327	78.66102610660285	65.19586553904664	90.41591320072358	65.50918512083183	77.70223315476944	80.1420523087164
1466	13.561819606638926	74.72194051332087	71.25013608941364	68.14095185553674	75.16826313670539	80.30502668449593	80.07518275503345	75.13678319446146	75.10492753415592	62.341671525164124	77.9320243581976	77.55277319225867	97.17199814557262	70.01773674851653	78.87510631243116	80.55040676188571
1467	7.072402852637275	72.9740290431221	61.275065348872914	76.12219783393198	74.03253737211976	77.05320666700428	74.55949278895736	75.14670101580998	75.66006203146304	73.45272474530982	76.83104012825926	72.85603976831948	83.39483394833832	67.7290408888637	76.8268387800981	77.2849169079191
1468	0.7756149891968468	35.62809267099915	56.49916078923805	58.43138890399826	50.213976132193125	51.560564742332446	48.61072006545542	51.16466870579934	47.87627575808233	55.89459147596041	54.85613454428574	36.81994109839826	85.1682592438721	46.48738097957044	57.4335867481973	61.708576606578006
1469	6.6829286319482355	89.03794123420961	85.33308683270513	86.01142353512266	87.80949675592173	91.71276150217528	90.04399201653685	84.35246312470625	90.20864711022078	91.01113222061656	92.62697137139921	87.80007085617838	98.14335060449054	81.91617716220881	92.67854797386579	93.22114879049212
1470	0.10182276427959616	5.5934029807232485e-2	0.26962485370129685	2.0595138075326385	3.0828655672038616	3.0828655672038625	2.3252575247636145	0.1678020894216975	2.3391839565687973	2.325257524763614	3.0828655672038616	0.2696248537012969	3.299776286353256	1.3883054498458995	2.283249926761565	2.339183956568798
1471	12.970517235969231	85.18388024692524	77.96409595729969	84.53431056559648	87.8850166039438	80.38934615060245	86.86837969927427	83.8833370848872	87.431711488329	86.5939505891578	80.34291075373048	80.71814676397581	95.2209197475203	77.35760347142889	88.47397393248379	89.10637836594519
1472	31.40141029057227	88.77631266680291	25.899289572561607	78.3411626869371	59.4518777284231	83.70703845986013	77.83999393346141	74.84331744960956	56.18300668356111	31.796282635959727	63.72021998064078	66.21356494251154	99.92343032159263	60.31967270872074	72.6983846601162	76.42937325200435
1473	11.396539682328905	36.811345656690214	39.18811228388148	58.404651306992115	57.905088846968354	31.707530049726373	55.44977668467471	60.352352907125926	49.60458637361679	59.16911204712012	38.201498841038266	47.375709210123524	88.23680823680756	46.314643508671864	63.02635243716871	66.35127518572497
1475	5.4260113505002865	67.79107019980603	65.82454939397257	70.21945286342472	64.14700932275508	72.79985702714019	70.40468550518368	71.63005471855712	58.60419592786912	67.83882996152221	67.04048877218564	73.97791030477275	85.53386911595868	63.90536369912056	70.50799408796904	72.09984598083393
1476	23.481017307949784	74.93401213619953	76.52845399868879	76.65639936999895	76.74665504687465	72.18953859626677	74.31914115927752	76.60234963112596	72.60407631744123	73.74563906503852	71.6534968917623	74.82972838902533	95.95959595959609	70.8153877207812	80.22925894597593	83.0187783347267
1477	8.033911005439366	87.66377805678411	87.32826915336948	89.16746967191874	89.39219468662183	89.5813455942598	88.11272311520545	89.74884715299177	88.86749884118007	79.63582234036251	90.38724005423657	89.25401070428357	96.58961727927242	80.467795968799	91.12012057983048	91.54870045373988
1478	1.8351576064930006	93.49765746909644	92.91360285458481	93.76362467998982	90.79871399485306	96.06016242651569	95.6117040079526	94.16262115066667	90.70955685832622	93.77783231241249	96.5690169587088	93.67843335706223	97.46981023576767	87.23304473300222	96.2300892572516	96.34511705172287
1480	7.296023305033564	85.98746840583381	84.41967664999044	84.95456952485435	85.16599123417254	87.88890737870607	91.18388208925404	83.983556724464	85.81774100230567	88.98201018364034	85.17338210927296	80.93851202857462	98.1796829125074	80.37807827202762	87.30818337974038	88.84625703472095
1482	13.486337475322289	83.64482470554704	71.75973626435308	81.62739350131606	87.09390406115645	86.56885968910511	85.75999697784697	83.99094126649632	88.46807233330003	83.14022596822964	86.85611092697147	85.82334361353954	96.38790734197087	78.22531655718429	88.83504208633714	89.17707547180046
1483	8.137995547585902	83.41473940158136	58.8423121472066	81.30184942856478	86.2610317466279	83.61102283756954	71.00070577108303	82.67506265912257	79.07808357453038	52.121987570418305	81.30248379512669	84.65449991667924	95.12485136742006	71.8260066859674	85.25557535906526	86.89117524658641
1484	11.53351222447959	80.20054019690153	78.73834699388362	81.19458457457404	78.17245416285418	80.49191600785385	65.28653795680842	78.4587964612509	84.26519893907863	76.41122016968666	91.8371519969061	77.23785083303066	98.85189437428245	72.98146713660776	89.83264726182837	91.8718138353865
1488	8.639340800536624	61.915034558148854	73.3844454706173	66.50277726662223	86.65648899927473	87.21142676536589	74.10658936295643	79.6045607491258	85.8810274959163	77.94217632652823	91.52686923941708	76.69466459703284	97.87644787644786	72.86114795321569	89.28669781376314	89.92369039142949
1489	26.184612889179455	76.59488213136271	62.865861854213534	78.77849937651965	82.74851368626116	84.53322944043882	64.36208560825594	74.74394649241631	80.49037677295307	66.25759685731795	82.59660369675873	73.89696717308318	95.0777202072541	70.86991183120402	84.23318490990522	84.68355898150104
1490	14.683408345922308	87.53283542062245	75.57119825176565	90.35535983280101	90.01843091313528	89.8386887943492	90.8182346446581	89.77013473763328	92.32714350480326	80.00840098516498	90.64785214625242	84.82901830762123	97.24072312083727	80.78441768259623	90.87652238303747	91.4477422288521
1491	14.26603198501257	69.37556479076198	65.6073571820327	71.46307535091184	66.46917509248958	68.39382891604477	71.75993588315089	74.01283935879533	70.86194781966684	74.54674944645632	65.10930714444221	61.510153991150965	84.33809819763913	63.58418019429234	73.73718097257029	75.00812538470612
1493	6.768046189819034	65.75018844358732	57.94924426068495	67.3791525794253	59.848750768233785	65.23350032345373	57.81458205616126	71.567817443491	61.77700072346421	52.566171996732514	60.902350570330285	69.37648716547102	86.45333333333325	58.1119709436542	68.06869932561726	70.28213036646059
1494	6.3472707191172875	76.07883448727398	78.71479812169392	80.47656431093688	84.20765310512276	77.9745313690344	82.16236499537291	84.79450790196644	82.94593616292045	73.86010809379428	79.39875347937817	82.16839522665374	97.09329582747306	74.76311666128153	86.10334466607893	87.25300778095871
1496	8.843139217718228e-2	81.16266793110478	83.66677352913231	90.11083720004443	84.71984602848671	95.44187999160687	87.55256647880168	90.01364772163227	85.44141131836528	84.15203424123108	93.288847734855	86.49403919318054	99.2727272727273	80.33996946689955	89.66600725686098	91.98812655596551
1497	9.212787440104242	60.89583144587015	52.9168595298111	64.66528702155887	64.73624549445667	54.179715354937066	65.63262136728164	64.34341461614686	62.17093059306325	65.42271120745707	54.23168938066547	64.61141060459457	77.57182576459695	57.35382923487066	67.43663636381127	69.74094864044396
1498	1.235455414487677	74.55715086565613	65.88710289458855	78.38909479792436	69.42510758414025	69.92722790460145	71.37706695321437	78.42192865569318	72.50891505729564	65.04881841392613	70.67767850236712	71.53460836385615	94.47599380485303	65.33293716465042	79.94832564440671	82.81964217159333
1499	3.878056410555697	63.58848775308071	62.84130836622559	62.761308573190064	71.59571046177481	69.79142378243046	61.543592485531626	65.60426965361378	72.00069355746102	55.06832299067502	72.95556661388581	66.13916245265355	78.93073479062286	60.69340541331364	70.05016663178549	70.9193569785594
1500	7.910107648899693e-2	91.64637289246882	82.12488791234482	92.73227259464358	85.53845944416531	86.47760247486175	87.92740912721192	90.15442899382677	87.01807064296636	91.3566651758528	84.26832029026117	83.22357364911339	98.0922803904171	80.1878268075743	92.40888911447205	93.23450786129546
1501	5.020691318501665e-2	52.63523607880214	62.53888961509572	77.50430526140535	78.89819138162476	78.41218773632247	60.3076470858936	77.23931225530553	79.08656994205579	70.89843502261911	78.29764038578158	64.3467022467556	86.47497337593208	64.05563498699402	79.08656994205579	79.19306945520106
1502	9.468214964313963	87.19258284879481	87.58894031870713	90.80193871767005	90.52324532499819	92.60201528914449	85.63720629781336	90.76793030487511	90.95970812170934	85.940335138402	92.54089736962115	92.12045695338824	98.64406779661017	81.54578089023114	93.56951611658158	94.02548277682018
1503	9.68246402481833	81.46512046933904	81.99381095850184	84.28284600892873	86.87639971198112	86.95264162727864	82.84086876048138	81.74314197368851	87.08321828172672	80.68382051643654	87.44939279883492	86.6941038230244	95.41401273885374	77.98963473471396	88.45139996956564	89.36347744789441
1504	22.2463669161063	92.98058409116454	84.90158306501462	93.9525969945788	97.56185390346437	96.72690966724448	84.87401500476696	93.64828548970921	96.7516270629354	84.96745946024937	96.72690966724448	88.23726266123865	99.51790633608817	85.70656127584277	96.47196539476501	96.81640708992569
1505	15.667471926005225	81.2810342479462	78.59044755205498	84.31313994023652	84.01281235961412	85.99661847442096	86.13921965884234	86.61169723813886	86.06997064996398	85.2004122958229	85.26123731860648	78.96396638577393	95.52969993876307	78.39938063930481	87.87828310547934	88.54171762496075
1506	17.589449645995007	76.35451915516299	78.82332002417772	80.43719217589286	84.59959620086613	84.65296621409757	78.18455138494575	78.84518259743385	83.25029492784107	77.21649806367493	84.93927985059739	79.3348511182792	95.18539014941885	75.609807305295	83.2578539986116	84.40905032084974
1507	11.242660514498528	21.141325912233853	40.855130626494415	49.511748112787174	72.71946352296092	32.03776237649309	51.237263743647645	44.47744473125056	42.42763268548641	37.86422046915388	33.27337150541522	51.63070945253418	94.4490472245236	41.726135286409495	56.70099079984796	66.34790873146498
1508	8.921750473798971	79.11103977061376	74.8614140923022	91.49266131835957	88.03158119613046	94.77088726477079	93.29411912299102	91.03806013397737	89.81952948637984	92.36291777574726	93.59424845444929	91.80187662686879	99.36183790682837	83.68000423090825	93.84119684546121	95.11952629645641
1509	3.9778012539808665	86.70238666056754	70.91962359383928	89.8882391798551	87.03954412217526	89.55729368378198	0.9169021457740367	89.37791322562954	87.97050033231776	0.9169021457740367	91.2389940263365	87.8125668337905	95.658465991317	65.02143310245557	90.26515753570582	90.79597027993907
1510	20.23812605699217	84.99583625571604	78.62082518350316	88.1143610822719	87.61674748627473	89.30813839133911	88.17554918547582	86.93774991872277	89.67521430286584	88.08486379405845	89.46403004913441	78.90513346804589	95.70267131242748	81.52546996748593	91.13983572906628	91.52430173620888
1511	4.38764093953745e-2	66.03134072062052	55.53224017018662	74.46291132246682	60.63760044167819	76.6902952287309	69.57490529712591	76.14244966312704	72.03507507766206	67.91505385423649	71.07576797198313	61.96598807002653	91.49035108114332	62.529209743886426	74.85926593454629	76.61851806648376
1512	0.13961715184852236	73.13875098893206	63.790024132972164	93.07351945954387	78.90909498188266	86.90317362592145	83.78568553446325	87.34134051909601	88.31509650028201	27.90015020224771	91.22302885991554	87.05366721847531	96.65711556829034	71.31048993584184	89.86394991247069	90.34552509033925
1514	10.361906858070483	79.89051265216384	67.9310399008288	83.74664409482322	70.41270116035345	81.71906328314171	76.50379395220851	82.27252295468207	77.82698114159267	82.24284598184981	77.76672335453905	68.8269826205331	94.02374130167823	70.65151645169468	82.05264556001413	83.4695290542306
1515	5.619099521433283	64.4326126419111	63.30772196740671	63.7152656114904	52.78397473976752	61.38880566117759	64.67373146330252	64.28139498902617	48.57134452088664	65.56439142522606	59.53260260351734	62.40814084197854	87.42209631728068	55.54002977503028	62.359998247410786	63.9252683623167
1516	16.881516150068396	82.38743575001536	86.6725614234594	83.2995961499035	82.15577761292663	81.1222243210781	82.60562721716458	79.15462924888163	81.96469416287965	82.07757003035493	81.01704536844726	77.40669382705076	97.4186307519641	76.75485215715648	84.80166204500726	86.3012512232034
1517	27.381078350859926	50.10288931709059	48.63274388108117	52.63236239526855	54.857714975323105	54.26642015791147	36.5998288046129	48.54702136608994	59.57774235065154	52.1065067958035	58.048548150197234	44.094726096294245	63.465413028879084	48.7069537748565	52.887241232474636	53.98876776958914
1518	11.318392629427281	62.81579849755047	58.008920968553724	69.96206175740636	71.07509414441772	70.8104065201711	48.745139846149584	66.85247819947487	69.59046355427515	31.669540087080417	71.17763746669621	68.6754427672689	93.16170555108623	56.919910787452864	74.62287049393314	77.18920437120327
1519	0.11586927531435404	54.75191379682267	48.416741069527724	51.782087606390725	53.572479004825816	54.31546761916789	61.01232624157325	59.141566015807875	52.95702160379201	55.047317645898154	60.30172414960462	65.9744079245384	92.46153846153842	52.593957561479165	55.14333458419569	58.56672043033154
1522	4.090995142709732	90.98866842951024	73.28944934588554	93.72140671150312	91.73527535071342	94.29297159250208	73.55213271665845	93.64463033121291	93.31541188337329	85.40676411688261	94.58160164729094	52.09901024352892	98.0457844779454	78.48859877408917	94.60403433473358	94.89779294365015
1523	5.97186664838018	84.94362599285135	85.72431677435077	87.83343015283364	88.16440348393235	86.49156057277821	86.70856968430932	87.62251881498534	88.16440348393235	86.70856968430932	87.4095748894609	85.72431677435077	95.92410400562193	78.68868399919141	87.41160747713704	87.55221503570256
1524	6.649302203294015	77.57422275059929	72.47803404122767	81.89996569260055	81.09652756219641	85.2089599050959	83.84058941039876	79.24172320607468	80.66692194649117	82.94728623802796	89.75245117470992	84.52358112568614	97.508445945946	75.22231305886234	86.80117433540421	89.44114637701337
1525	0.9402914086012024	61.85502565447041	72.85691607549711	64.87265905612871	67.83675576845724	80.67442200078236	57.08289488894388	67.93189616759824	66.83075052829804	62.347697190472495	78.96903338207395	73.925439048434	97.00295483326308	62.325702049978126	80.50786240389621	84.11790268092261