"ID"	"CB3"	"CB4"	"CF2"	"KO1"	"KO2"	"NG1"	"NG2"	"NMSD1"	"NMSD2"	"PP3"	"PP4"	"SB8"	"FUSION"
1301	78.8710924230747	76.21073409981167	78.18811359796165	90.69297881643233	82.82053795382984	84.62290144992349	59.334133055698345	85.63042189201515	88.4173416574129	90.4122786735012	88.57679973033547	0.11664245415433593	87.13899132846683
1302	25.861047410979438	34.842565669966646	35.064496242726115	5.147520591929377	36.84694470025383	0.29581563058961025	67.6177768603445	34.39479321800647	29.989787053763944	2.713474270055646	12.741009373485399	9.887315874184978e-2	27.61325113266107
1305	93.93129489551359	95.02416010613113	64.91410010193593	14.78837980313462	74.40812781147848	3.911232507668754	48.73326913424655	94.90711366206689	94.33505615096693	2.6096686082432945	85.39563503120824	6.663851721750676e-2	94.75834673403874
1306	68.81657960251093	62.011776466769575	53.404283065509176	74.24795927801907	61.74810051006522	85.83939887270543	29.068880145292198	59.07047672343894	57.336889736547604	70.57449529515128	47.90565900405905	5.134506944193466	76.35570454228562
1309	61.76985210569934	65.0976344978434	52.709379292465606	1.4859507609226146	52.02076184995054	0.1420436740285052	52.4263318363275	66.03698246486512	63.98556346950728	1.7244510009635852	31.076227975795423	6.551402063785418e-2	67.78434685684654
1310	46.52522681964062	36.83299288666882	43.38599323512799	55.66911596578172	44.90377545065331	33.599682654556176	16.038130812639338	28.45469292511404	37.717442602350694	55.890892689513315	49.6312582561265	0.13223243883288102	57.14716259534286
1311	22.73143337715342	33.18358306644926	12.295970865952377	21.49366083330045	43.25558453034476	7.891032017318982e-2	7.891032017318979e-2	18.401825025363593	12.498458782768946	8.890217138598436	0.8562722497808958	2.5724316004751814e-2	19.493399107107795
1312	59.4122394782707	59.98368272094731	56.082313590679874	40.73374979396822	50.69374264445064	34.28679256408409	16.20708126636966	54.78575619216796	62.50397238338602	46.77021340368553	44.34093280719701	7.286344561786641	58.4590345128077
1313	71.24994809816567	66.36307444040438	65.90052864961956	70.07505995512244	70.4231116345603	67.15484522180198	62.25388466008356	70.45311628147192	67.3217311301997	71.43219236266114	70.87710062871028	8.653471127508496e-2	72.9370890778631
1318	53.48586699264914	49.0100404055076	30.770267875638034	46.399932783710376	54.671370760918045	52.09655205577577	28.920177778387256	47.00724410166153	47.96975907946505	46.60620312850696	35.847118825593775	5.113102560033553	57.67059523875198
1319	75.52376514214497	76.89985009017818	62.9130173821605	3.985311619834016	68.25599771984847	0.5755492723882603	77.4392518845026	63.08139822018115	59.50996023733103	1.6017300209495928	69.33302291564803	0.26241168618329314	72.11583387428766
1321	67.35292985333923	71.63049049496354	64.18520621534704	18.3102853030028	68.55115459953444	0.29317471871939127	48.89592895225876	54.48736379450935	59.26279642118133	7.462792381283739	22.289540780228283	0.11068841408613178	68.37703338251292
1322	23.388001697329415	11.671937000229999	54.19002233062978	53.22555896305944	57.373155554190156	0.13382812346409656	0.13382812346409664	27.785214653425168	5.584933096524773	51.7904219333805	54.58312313216972	0.1030799711097318	63.793956012700306
1324	87.11280093994631	89.2034777851899	85.9956299816496	90.59811694394216	90.02388503214941	89.92688061439492	80.48070677499703	84.89367288254671	81.02458912315123	88.57715514166699	88.22243030112708	21.75935339654094	90.15134879627018
1327	24.08611501983165	32.142730915360154	13.080302789092224	16.02240710004108	60.93072779730262	0.1350484483492452	13.511132397929252	36.6078493798928	83.04182189418793	0.941962929358845	4.257669406618191	8.023776927996666e-2	37.85906534361894
1329	55.65315098936018	49.12593059011965	57.643777391896656	63.76819510935442	53.582862817774	55.80504120876733	49.13713295712878	67.91407060310225	61.18427818766138	58.84927596119493	61.387519787512865	5.17606242338872	65.0702457436991
1330	82.30630229291002	84.21400616937848	36.012355674616394	82.14388826413919	77.81235154885715	83.06632925883363	64.13804772229628	73.22802262412921	77.60844458755656	70.30851890222301	52.64646549110537	0.1219661366006948	82.83786118984261
1331	68.86087805764987	84.94309161351994	63.580914097916995	59.598814323550044	90.8004476202566	7.810044141809275e-2	72.82725368204981	72.63455502066427	81.11515609344042	2.1318055627721404	44.912513332034635	0.10953542625270829	89.81590389136691
1332	86.26804338927842	83.9328057230786	78.45673080578543	91.64829482009522	89.2610547692116	91.64775720963179	74.44546099035492	87.84599934941996	87.3214156321133	88.20439921808236	83.09704377584106	0.937934325336428	91.20313572851259
1333	85.27556774609164	85.04709680029391	80.7659313732517	83.30103656255775	78.16500794513692	89.73910461888566	38.66269179893182	76.86005636068715	81.30986232476151	94.38099979051184	83.26792598064041	7.46783081292515e-2	85.90841853991859
1334	64.05732240973184	56.50110403664096	57.34215022237641	72.08285819185727	56.70459186602091	74.4243160457273	46.814972659620715	72.05388737564611	70.6785975334653	79.15470118831871	59.999699509218374	5.432872798912782	69.06024779916352
1335	51.05918969964339	62.33604379051315	55.64800901099775	38.938194485625885	61.23434844299427	46.41468668977859	53.880237712023735	58.86026885374186	55.25757400331119	40.29770070953233	51.42487924707717	0.10094263258724548	62.52473897498273
1336	81.84897608838392	81.21466511659494	51.71197440409585	71.7711605381949	71.798254033613	81.09938644471572	35.78568081402765	74.1744782946658	72.97417739836578	87.46734669759643	85.05736133621544	0.10303243876739233	82.8212705608667
1337	63.409818656104335	69.59497390714046	55.93060870118246	29.776398391832082	73.4818837615862	13.760297157273982	53.823749958025815	59.18115891541703	69.24771326500868	16.070415149436364	31.16276076265879	1.7080165273705303	71.787953199056
1339	68.17147563717837	68.55571053122299	73.24474337170055	74.98316018151351	79.8255740278614	67.89895256549524	53.01243138308831	82.31683803157465	77.12206456381635	67.60883943248987	65.00880293641391	4.767089285789463	82.74137673895218
1340	56.12269443337951	56.84055718528837	49.786355503895464	55.88228686804999	51.028177585212745	57.49568965350081	44.64504968346623	58.59067494341667	51.37407819621336	53.02864654687686	50.72590019457366	6.515534233638647	60.587997725398694
1342	60.052241871797584	66.56304492336288	62.86703941900409	62.0915336541061	63.60369969443307	66.86807263594666	56.02359986002023	69.90523968387599	73.36294909953521	74.3891024851626	70.0621983965582	7.471555319270047	75.9061917317985
1344	64.18220236067849	80.57181465415678	50.539611901125134	22.048714464411237	83.08421739926484	11.388162632386342	47.71736100237221	79.30555478610388	86.78224424301195	12.638705645459714	23.71450730678795	9.55376945060393e-2	72.06046397001235
1345	77.33464226080359	84.60816996658674	60.70136016984655	81.90584369909962	64.70827442246252	81.97759481468873	53.615678528936364	86.25393307479949	82.94313335101866	74.99893654417849	73.03376635414112	9.469072220041593	94.27770468506463
1346	50.72305540539199	52.07144056627547	53.23681341983263	47.98934188316491	64.59753559894274	33.60164534434749	44.299125893459106	63.22768723939783	52.92224117113922	36.480770806905376	45.686343745437256	4.508885579620223	52.78363872970666
1347	61.72163511662612	60.395718750274305	56.18189908713237	48.46279000681156	62.11075266953981	48.05604508839757	60.82905160348792	67.23913549540657	69.79479696665685	50.55826995328858	55.37886934447862	0.19677148647972423	61.97061976086579
1350	81.3160270768824	81.90089140519959	57.723562545483766	72.39973685958418	70.86881855667644	82.05376637608855	74.03503410116042	76.29252447545286	78.40284660522566	78.12617308943416	76.79009548921066	5.8188427944783336e-2	82.30484641547152
1353	2.4480661047688335	2.2000197045301197	8.26821334129045e-2	2.117337571117234	2.3653839713559335	0.24804640023871352	0.24804640023871352	2.4703021623121764	2.4703021623121764	2.7183485625508896	2.7183485625508896	13.865929702780546	2.4480661047688335
1354	72.37766909473048	83.72117838759098	71.85006003232236	10.890679653229943	66.36218093630113	8.081059703001912	61.06055702636204	74.71070983400088	41.61421684710071	11.408594411627066	42.54424953312303	1.4298270033588987	78.2895277448315
1355	63.77007937217449	61.3000854841594	29.008153342447436	93.48827256325791	83.81746186523557	92.62221846602655	49.63189703763296	74.39624376338202	72.81832649536076	74.22366352873517	33.822428134301134	0.12112447459657165	88.25035424504074
1357	85.89464226786534	85.38590525794775	76.38584411618615	84.18086289251619	82.83385313926559	83.34120883598924	71.72090389563476	90.71370315637624	90.71370315637624	76.94213387748276	72.58069259216336	23.99261549184658	90.09830584345211
1358	19.873127606765504	28.550220502809072	15.616475831977636	19.371547271550842	18.512794217667246	14.085735996165463	5.332746398915537	23.66262147050566	26.534976465112734	17.477452465462846	16.43372337363912	0.14717746820046013	19.636944480011056
1359	57.47296126240206	66.78648351300426	54.55890450095655	15.717681866067778	59.29117728621104	3.383390899767369	45.302376357005684	81.993026904441	79.33612505510914	6.635781422247362	7.562068329333201	0.10843092893037425	65.35068401330724
1360	40.70120162483242	45.70152549548875	52.15506220908814	34.4047746667008	40.61794663825103	35.41087725762682	62.902021173451615	50.23187959491096	41.45989743486512	38.61601044026759	46.38956168440952	6.867188736800174e-2	44.67921147386365
1361	78.37305367009418	80.2137813974491	73.78848771087641	71.167876109767	86.55487496737537	44.70304968209089	52.22672513065937	81.98297793435233	84.46708134676989	50.36622421694199	68.04876607115999	8.090728114018544e-2	90.04764787659528
1362	69.59611019746424	72.69658942625415	54.13330464113875	70.43648297988067	71.97194642973331	56.879693074115586	54.579527466209555	66.76815645819731	70.19053117465143	70.95009968330447	70.4146337878908	4.896265431702384	73.21646101790495
1364	76.07763989671781	74.11392471752029	71.47100083982248	76.08805961302491	77.00741441785956	72.95871102105367	64.0443949312408	73.6534614047314	74.6334702502418	73.10457440427946	71.43412307173453	13.597089970591213	77.23163278119091
1366	62.7850720457359	62.91409205536779	60.427275277568306	63.55265628831353	60.732272250944774	63.01461770711707	56.09599304528449	59.31036392444924	56.93115621366983	63.61157002056177	59.40194535028969	6.775251956034817e-2	64.73885272321297
1367	5.54326539362006	5.543265393620062	3.2336893209182023	29.85369361072824	41.191121405848556	0.21653380443829415	0.21653380443829412	6.178549061278444	6.178549061278444	2.3675541031644003	2.3675541031644003	4.0445053076371655	6.3084693439413755
1368	33.589699735116454	38.14068566214123	50.838211922064126	1.2172591730880826	43.69214333071187	0.6335060958812304	44.3462077683207	40.91092366606032	40.01342752082749	1.4751381061291968	36.129198265287215	6.89761624742735e-2	41.11717885739401
1369	58.01369571270493	51.2683248947576	49.69859105068147	69.04633739527742	47.92009928649483	90.50750626298606	49.183947275587784	49.52565547502875	58.25189408237165	91.51140103284881	78.99767676038925	7.662533456982638e-2	54.06529862038077
1370	75.79621709094255	75.21149715398698	68.17586156616126	72.43500062666304	61.38547623321672	58.24026087550849	49.15265600109822	65.42253384388064	69.03159943215995	60.38279606584644	66.84213076189879	8.217903334753313e-2	77.93311674083697
1371	2.3130686203305393	3.705571163276214	2.425053960119832	2.4250539601198344	2.7050173095930345	0.5364504075527793	0.11198533978928142	2.7050173095930345	2.705017309593093	2.0331052708573525	2.0331052708573525	2.9107871975137223	2.4810466300144727
1372	74.00156634992993	71.68597715046292	63.41864040951554	71.46381212498854	66.30212431762145	67.08579992293846	47.53658984094053	66.94891091677357	67.95898492744556	74.86268191579852	74.86268191579852	14.463811502531543	76.47670387999838
1373	56.85943538102265	53.110980272464595	41.709804302840695	41.13382845120052	42.58805440372112	37.12384278193524	17.281480126182007	61.61119849875	60.82583666132343	42.301969325149315	42.54991916512296	0.11745512294594392	65.5986303164777
1376	75.93577886919269	81.10650169255929	71.01693352080318	74.09890189653517	68.95894241735081	68.21242583298014	67.99583587042164	74.9668915276915	78.35360277693133	75.32644509088739	75.71156321940771	25.717816646536534	74.6148217090605
1377	82.16995314243245	91.41412363141161	27.111600728298235	85.37678556560678	90.68233368033887	81.64303257956647	54.328111953337896	55.06985496820859	74.27431263034131	58.732660004372626	58.07555705829858	9.941433493629362e-2	93.16902071991457
1378	36.7850910747299	70.97479830638575	45.46379182860015	4.465861445044733	82.92291219819828	0.31650475403125566	57.636323109394915	16.89254748807706	27.764980328131045	2.889882182758491	39.39689113039442	0.14275010313221542	36.481945592567236
1380	88.02914786108362	94.2447767421289	88.8875536435029	93.77642405187873	93.35733662116334	94.50770472012387	80.49073721517259	90.84578719258484	89.80042101133601	93.9230445851113	93.10700768602399	4.906200095557342e-2	95.9555973650837
1382	75.01949672539196	78.30467522765662	59.32273763587184	74.44535751782901	69.94767113973553	84.62008374896321	59.53913769708469	76.89078818191342	79.53461838803541	81.77724016801959	70.13036434926546	20.44438868915779	82.43119240716098
1383	42.79523770373741	35.408249643900824	42.288941882862936	42.91195832537926	40.16948196705052	49.112899607110755	26.632453546948177	40.93606889194396	47.25681053318137	44.33071949651713	42.94307678304596	4.598792489712327e-2	47.09496801166521
1384	69.38847123703226	73.49969046602794	60.09213016308485	78.92535112523142	65.7904998703703	79.43809005717488	56.74358904333964	70.48719291725794	72.73117663091696	79.68735713637317	79.68735713637317	7.88694902302939e-2	76.0202731842264
1385	79.47180849914078	81.14552495014541	81.19438622049464	74.55173075172006	73.07663100582171	66.56920110716658	14.856288134961135	85.22508444142919	84.99411923676915	64.97407925705443	68.84644780212376	8.725125514253767	75.93815251185202
1386	84.52833362698702	82.48985002334088	69.92775217940012	80.12485981685322	78.7206136412559	88.17643826116	66.35234385426594	74.1758112978737	72.52765004130043	70.62551710157948	67.63122408420521	8.944580935785001e-2	82.36599444090345
1390	55.05536746243703	64.8753867469356	44.18593041882261	72.68525671395412	48.53998219617292	73.3435754509532	55.518356168375895	63.22657076486288	60.54594774568982	73.34476200692858	60.50527219156664	0.5302202855965433	69.78694112697754
1391	57.8522315628928	60.698523999473906	20.252592090719464	13.067621681499157	58.29928113536641	8.07475706026169e-2	27.7492611559173	36.980204771307484	38.605285096659934	4.693021194526103e-2	4.8797854245602155	4.6930211945260786e-2	36.950609788102
1392	39.56970034694972	37.107189555727096	46.11043627611324	23.703865831282457	39.78631349958116	23.21270753720205	54.10445909767741	51.937171330858234	34.62679148692302	24.41398117759948	45.18806685266389	0.2671649536956879	36.47381986418331
1394	79.49450248178582	79.68663607670548	61.67607472645088	77.53616453622647	82.64286075290109	51.541989543722124	23.796992875531974	75.69064227457912	73.7031668132845	48.95233978918106	70.14662733615428	0.1777744096400572	87.22760540542414
1396	3.347103030157096	3.347103030157096	0.12498458044646243	0.5748956833567042	0.46092933379906653	0.11396634955763765	0.11396634955763765	0.8434047809634231	0.8434047809634231	1.0862417718925907	1.0862417718925907	15.820009589520993	1.9477320335615687
1397	47.37796563383123	39.50485812601528	48.60485273404689	64.6051972272321	42.28150366800122	69.50830332101962	48.504374170685075	50.97631335030308	54.505371800787074	72.76829935135426	67.12688637110864	9.697732849663776	65.89903206406379
1398	56.7874057894401	56.503951000271655	50.64059350158837	33.869294753461446	62.744805145576855	28.854778826456272	55.79300147119737	57.964587998372	72.95768581080819	33.3125097550942	40.763303965816036	4.412885859583065	53.31762200721203
1399	46.64186230278509	50.392953157578035	35.51498356915581	26.528828446539794	30.91345058509909	41.37921237061868	38.50088929496287	50.24822025065336	58.920437929633295	58.75399966155496	33.95622900821489	0.13193761676536464	46.47318795472732
1400	66.21998928287196	64.23078051041864	52.76911867305609	68.85667763980311	67.90987976690312	64.5764391780426	27.719478383287573	60.883578722012444	64.29556052321328	64.6614038089859	59.16284598060771	7.831452665709223	71.92104841753498
1401	47.42267412822952	32.608484781935196	13.917803823702265	52.666037955189324	54.06630276281926	48.72725998437309	17.47940491364452	33.56422633154775	47.84513874714208	46.09521280783631	40.94510054878439	5.898574829549712e-2	58.07073150170622
1402	77.13502461203666	75.78456466742294	68.36826950293685	59.838491395895986	66.39465948650829	62.01322344935204	54.03426903396865	72.40412463332157	73.74956889297468	63.345271125734946	62.445541655813784	17.353184455480612	76.35317052650865
1403	3.854860994877226	3.854860994877226	56.68943477307305	81.79684508366938	81.29132333172329	78.20590543635547	58.603202307251664	76.4638421233464	87.86736368853073	78.74434666104871	72.64461728176973	0.10735867853133615	82.31095404443887
1404	57.92281841620508	44.452971837058364	37.712009004696526	41.004783396881784	38.20055842524035	39.32338701657013	11.67197520685612	61.23311934368534	58.138347210310236	25.998410512325982	19.764620121337654	0.3953729296580498	65.76943423224816
1406	81.16186475677155	77.74945598206784	82.08088550235495	83.2826649164905	73.29448541932516	71.72504500207627	59.19624342120709	81.23488938226086	78.88195784113397	81.78096970991318	82.6353167316269	15.45258994423165	80.05596235697914
1407	36.441486592057025	40.84051185454018	22.5631351679855	24.920410888250643	40.635092241934096	19.85369241179328	34.82137121051442	31.908817660028983	41.288177828466175	22.864199643425916	22.864199643425916	5.834167629838198	28.80872759412515
1408	40.70120162483242	45.70152549548875	52.15506220908814	34.90983234844726	40.56917964558718	35.41087725762682	62.902021173451615	50.60540047844961	41.45989743486512	38.61601044026759	46.38956168440952	6.867188736800174e-2	44.630444481199795
1411	88.74775018829031	88.41221742956506	85.24450240616734	85.95634134224377	86.40048029989103	85.93034807403987	85.6583491646132	89.4947601758022	88.00690082355115	86.77658553214943	86.57539858532506	9.263833979637756e-2	88.9342666519617
1414	24.885836546431637	20.351366980257094	19.002984866203278	19.758751429849276	18.264465507685706	21.77137487068296	10.785644238013962	18.90205207274025	14.981540707830202	22.51413730733212	16.211185391050023	8.509318787815626	20.71653884790439
1415	97.49625888677755	97.49625888677755	95.7547303585135	96.4116889324693	96.72014427431351	81.41599070106496	78.57678983865516	88.93639749069985	94.22363961335381	93.93901728072963	93.93901728072963	11.529990956126582	97.28020774194674
1416	74.91217891704682	76.68014120857586	67.16599976134607	72.6697501614174	79.10328117765859	67.51069732617242	64.83472407704956	75.29514941839427	83.28604462443985	69.57227351451932	65.27646427816066	7.532966329805981	81.1145626819735
1417	62.192015957804216	52.37508018252941	32.30456702867965	54.17040547512415	55.10826410553683	45.99098504562684	32.05258478042762	52.186490354598156	50.991900206130026	55.12595913376348	54.10185797332514	1.5061031544063603	56.30827604164709
1420	62.6016667962202	61.00775192097463	34.721247182743696	58.99229254736241	58.6152946603843	56.80082376918495	38.17444326754865	35.2058896823175	56.270915893570795	58.31951178789958	53.72724215625112	0.15749161792083766	62.79897603425787
1423	42.22005273121839	37.79658593982521	44.41513522442218	58.68660636173668	51.86295668150923	41.05017138640268	30.356460736757846	51.41510479420032	62.12760878374797	44.31041351407399	46.79214052219748	5.565069548072759e-2	58.37545010701876
1425	61.63648236773089	64.4374270838292	59.2570233370691	61.78045095417981	63.300805271421	61.38964627002458	55.46449666870438	63.31953851023528	63.15582616860761	60.30183606616971	59.52976965032869	7.656211973016852e-2	63.983294756360905
1426	77.35836898365984	71.81675689121629	68.19402307466198	51.60378549191395	73.83284407430996	31.296505650355726	67.64433774054447	74.96228666160478	58.12600643581543	36.80808890363546	39.88578711648333	0.11996072346633206	77.42904110520399
1428	66.70048223265682	67.97542378029982	64.06843517287612	62.738879761887276	50.77249485176664	64.84920801372652	45.597446660668076	63.62178231845904	62.95943558163787	65.77997278078404	63.548350437406356	11.585245050116214	67.46727268527736
1429	62.18778696444406	60.94110795971231	60.7750460272034	74.57693413615456	68.39414470211128	71.08218692840913	60.71505029304463	68.13597516326698	85.56049959156759	72.7466226626294	65.58258450196166	9.825845612717557e-2	70.74410313901595
1431	84.79260845497643	78.86828604940223	68.5414254629724	71.39510299333519	82.87978783617469	60.798839643612254	51.831897794233896	80.48166156524671	83.29366373967557	60.593830582770394	64.28608009313152	2.1711606516608355	76.95188948267972
1433	49.109021630169345	1.1098067115926975	61.02741518959605	39.442175316581626	43.29814373836587	48.921224783279	60.2091851101973	37.62032675743123	15.337722927471301	49.094282691254996	74.97377860155035	9.256530420458706e-2	51.59597130951822
1434	1.2928567688906993	43.27518530475794	10.723906676044582	0.9769842839621173	28.728638316976262	0.19449641047013813	47.0502861423776	10.07679272466551	85.16290558120473	2.3143108240160566	43.73873099036608	5.912248835787821e-2	9.460416736330894
1435	30.136673204413484	28.996080870641343	31.849387698677674	40.260885666811	33.396027358460636	39.25568222615407	31.309248857263288	34.38885931246133	36.52059637757385	34.96239837393718	36.382219506514616	8.376501026419608e-2	33.89921690316828
1437	15.85817966420924	4.231309945080844	27.222789164108086	70.60164040529244	33.99784482751084	92.71891889355668	45.72069821882705	9.52022436618776	5.586321077761157	76.64890909236676	15.192597719834957	36.47664991992617	37.10125742171364
1438	71.01647784562722	67.60257190278833	58.25537072193083	57.40061093315614	62.21467118798668	59.84915053155564	44.97096907014245	66.84951777544134	77.34540573988042	57.12915505597809	54.80331691643523	0.11724451846142933	73.64105135433245
1439	20.326341815657614	36.371404394200724	37.98289767301228	15.611865296113919	41.71096522889882	15.065897924087096	8.112704205279652	93.64804906013318	85.98419876123418	18.7066951547913	29.443578756519358	9.513155846918243e-2	31.267278890307814
1440	58.30554351363527	45.847024440410195	44.98399864561024	63.4043303708126	51.30661929663173	59.74912491541099	51.348754925846926	48.56130879614992	53.254834430509625	59.997144273610004	57.517352254350975	15.863676840122173	63.565831053482505
1441	89.9208223054663	88.7040858899484	74.32459007742655	90.76206585243551	87.63272187502541	81.83202418198987	71.09813502219622	84.73527379891205	88.52973481888206	84.99848778470452	84.99848778470452	6.590288137273786	92.06536283767603
1443	81.43162253290127	83.0772928016211	65.71690434299774	78.8158748151481	72.81455554862355	73.10803218892465	34.755393867983365	77.3203423873284	80.01040580140028	77.57463566332727	76.33692313373317	23.049286295074168	82.27326637447388
1445	83.32574777238574	85.94633017945313	69.51090157824031	88.21491551620507	87.03749669506027	90.15496119952672	73.46301925844931	82.0958003318904	84.42551454767901	85.03730735264011	78.2443565114476	22.22826823838347	89.21646123452524
1447	2.397150840648533	2.0177529219153523	0.32674677852315376	90.62722340967552	82.1915804552156	0.2183473731708198	0.21834737317081976	2.3971508406485325	2.613949651353207	1.8009541112106782	1.8009541112106782	7.476618542686318	2.3971508406485325
1448	67.1441248554547	68.44751417516989	41.13775067263077	57.30977463709102	56.6286711832991	65.30642544624324	33.27893198635308	59.7078267555302	66.587955359991	64.65326367120959	47.3619430419529	5.380659034244875	65.77273325525447
1449	48.552987317426584	39.1612380434755	38.050561048258004	43.54586708245882	46.90214107475827	27.899072706129736	31.492256663123573	35.860712506120294	34.62500918112985	42.996006468718505	35.54391618593492	6.369254105962155e-2	39.37015391209326
1450	28.133924065746374	30.907369214719665	19.71569479325667	17.402202980097602	25.11097312922768	4.18549155457253	12.663251159763197	19.233601208606245	20.730309003262175	5.906185817623433	12.524776118779595	9.675277643001338e-2	24.562171053597112
1452	38.73868874830889	60.668594096928295	48.52365896093636	16.944331195006175	45.61590948286686	14.261940006273896	48.31982383540275	60.22153726575035	68.7860709581079	14.397543061690914	50.72404467347958	2.340779148944067	64.49294468883802
1453	66.47007641677232	66.13738824891554	62.23691600388307	34.69643300539143	64.91033324646249	31.112665170147192	54.91667550772655	65.42259228415102	65.9614155063879	36.37075741774525	41.9347361459381	1.140518010514258	68.97947994009307
1455	76.14441161494142	77.5537800697092	77.46232855745042	75.05492749877905	72.04221737001646	72.16001924125254	70.08580497078879	77.8321059809253	72.67664415141368	71.590785586498	70.39392865306812	5.646844434308599	79.8258751124847
1456	56.32642594582978	59.87459115118278	52.403349654344666	54.19862495181792	74.39028281622915	40.99511516574295	44.216395780202625	59.835677500726845	62.52103238157021	42.11211122338796	46.816047590414925	0.14194180946778537	57.99094860128891
1457	59.16049847981812	64.91723632197292	56.08148755934073	38.380613250225124	66.20338764851135	21.081309542925776	56.78392183572449	64.8210012321511	56.28095373832432	25.831293539141363	41.319786782656806	10.493713372392804	63.992176739125526
1459	83.5738660330307	88.0820644557276	57.36900151172007	26.18294157962962	87.61885264903303	0.9948104187576621	69.10468688880071	60.29477497206123	51.17525928114719	2.6539649663891383	4.708667820607158	8.97985154480001e-2	80.39384181687569
1460	78.44652394743373	83.12021224506887	71.72207429668653	74.55715481768253	77.79729934699925	71.2926141300635	10.535299491581062	83.43935796453765	85.66424053791394	72.10584108329435	72.10584108329435	3.2253748008721246	76.79640926386492
1461	67.1441248554547	68.44751417516989	41.13775067263077	57.180409772927376	56.435608897688915	65.30642544624324	32.41421213737692	59.7078267555302	66.587955359991	64.4757207910581	47.1844001618014	5.380659034244875	65.54683724828575
1462	90.5864733183481	91.20004492272429	57.99293963891783	67.14241905737418	74.89111149913843	69.16481991443182	56.6153989682548	83.61922900283545	80.2451086558345	87.13345107863356	85.61580455352596	7.019212762912506	84.29092510207542
1464	11.764572376448491	14.91966588166313	4.733464790979326	0.0	1.9625723824787378	0.34891511924867086	0.34891511924867086	8.043656548616115	9.070756640077136	2.4419311203686966	2.4419311203686966	0.10168383424888061	3.721753359749142
1465	59.63009044811396	63.684421138467364	45.14773362917839	57.773160636498034	54.94075457277796	42.542143873568826	48.118726401692165	48.25633739220504	44.28051491553253	42.947921390728226	46.59086275069003	4.817624027285711	66.85357394645946
1466	66.82638393307965	64.21004193806475	45.621143173787786	74.67316141899713	56.228771177676904	77.55277319225867	47.11136852655029	60.95746831851682	69.35599673679027	79.75064751220847	56.98392792812798	10.382382157729655	69.46045604491522
1467	56.50390179378218	63.687771255851445	62.58578004876863	63.61943130213732	66.13428482285606	67.17243472786949	47.34433630344704	69.87150624686741	71.03933984529124	67.80378190745391	65.7623127299706	2.235833134557602	73.73967258387849
1468	42.94362096852433	51.22543587936801	26.694929836555264	8.614636294389806	48.916605525167434	9.649249750664889e-2	50.2973198730302	42.47150975230699	38.78293914724663	1.172383847240687	22.527483403031624	5.8178191488458354e-2	51.085208448191175
1469	83.10801872598468	81.21113680670709	75.5010163748577	71.84051096285505	72.45810561674305	75.98207385084811	55.39999886501534	81.37332855634118	72.90134002933237	77.80715212519542	78.8071010514246	7.67783648912553e-2	82.58245264321322
1470	3.287930434460558	3.287930434460558	5.965462811017943e-2	0.1789638843305383	2.1965077556463295	0.2875596561206935	0.2875596561206935	2.494780896197224	3.287930434460558	2.479928111352236	2.4799281113522356	0.10859577179015187	3.287930434460558
1471	66.25216661892247	63.95905593372018	66.17234985305463	73.95068970285841	62.279628994372636	71.10029002987253	63.11094625115605	75.88582866663135	71.09969792285278	77.59506570688718	77.1514878370548	11.673811240582028	76.96171785198075
1472	37.3198224495107	40.38985891643367	9.144262600020047	58.22846138415599	62.33834919213786	42.97979829416155	1.0191357860061845	40.42611330929454	40.57933023945278	56.55934359544551	23.24885382966746	31.40141029057227	51.273819848700064
1473	32.56910600955957	28.774128554288325	10.274229131966914	41.45251619331385	41.11042579430284	36.71368044287702	9.137012375809677	38.92230968077236	33.141167003019575	43.386688978938245	33.46677035912157	12.39344466463965	46.675400924160364
1475	37.55698075623507	44.1682460846797	54.44243957185214	28.453641172908224	43.134596762970524	27.68994140474726	47.87564752306637	41.11372711767597	47.0397955249928	28.411859690999925	28.124220083161166	5.811453992269679	43.903417084435326
1476	57.14110226900011	52.73007135963419	42.19732379384119	49.40458224637065	61.35779365058769	31.158609418860618	10.53159556060778	59.79435303939894	64.93706861498205	49.7106310762616	46.5986807726082	4.1170275831222165	61.323416420197915
1477	87.48782536870414	86.95130138571075	65.29378866624556	86.35901373180975	77.12495465606499	82.3690119964245	51.47634125452818	79.91109232362953	88.08607698293962	85.89762613235622	62.3363431453405	8.033911005439366	90.79541177583876
1478	88.25403710594088	88.77306362685576	86.06810305544873	88.25367710816255	87.69266088445082	87.63462897974667	82.14078164227942	83.38478782268686	80.71006777081539	89.65113198971017	84.09594993468983	0.17599079558834266	89.25641310157187
1480	74.85517710005429	66.34124088477125	64.33695204780506	77.1362589852996	65.37773978600183	80.0055955852907	65.52344111587907	71.67306377892173	73.004142648167	85.1158136150325	81.81739368076968	7.296023305033564	75.18174114116607
1482	64.31423173561859	68.3868716216735	27.643897017009937	60.74250787744428	62.598421160872874	63.28269231545467	35.69379522290275	69.00541120343537	66.6671579915473	76.80280830158772	70.00024104491023	11.453913734888307	72.32585368198224
1483	78.95414190284258	74.60211137016734	61.05402325510018	78.95982006949109	77.38630207149514	81.72653227717103	43.11697899203565	73.76764781741277	80.47639706608966	68.98949973730002	46.46407449735058	9.02058967215591e-2	81.04082907681206
1484	63.02672259111956	86.00299459315225	41.145656917984255	25.504617158729477	26.38103417988339	0.3481339079130332	48.73725918576275	62.00574498805083	45.30375373443896	3.4597711925949612	27.217055210586928	6.0952737618841235e-2	66.3223381630096
1488	49.0407664945929	49.929011227365734	20.627652822120393	53.800434137304684	53.62408480685084	28.970657063242346	34.221660793975694	44.92783443688873	52.759174425313034	37.45205694124722	29.911546345111784	0.31855711839850503	57.06061859749577
1489	65.63748647105122	65.5673021600176	40.35539723370029	68.29153534896899	70.0940383629116	58.836632053991345	36.30309243784669	72.07385178715381	74.88529148561621	56.176579739276924	55.27788989515263	15.194293733936812	77.98697401270202
1490	60.38119929261943	57.501137326871564	55.56342499616706	65.90578798723395	51.566133386440605	73.81926969513127	23.691051664061042	60.99516348106302	57.23931743673246	79.80848603216816	68.99865237267504	14.683408345922308	62.38103004275126
1491	47.20264337108597	47.63541730685271	59.699212000832915	69.86283581705798	57.86811166551916	56.19034635466841	44.1853356072169	58.84485356293485	57.03375859732683	67.41859135435224	69.42720463575758	13.191960432442734	69.2138902008306
1493	61.8342280147116	50.083287987211946	44.079794629800766	69.95444332522939	58.1892474695658	71.53648376440208	34.64089485089272	55.49463463346696	52.8434503664155	58.12880406973326	39.17907341958172	0.12269247875336614	70.95253347890545
1494	56.34131759777644	48.07972221739958	33.00406886761991	55.49341998146332	58.16769340327872	55.726951860334886	28.046589704627312	41.87743230471766	43.38759319141023	62.5437776732858	42.70536341884217	6.3472707191172875	61.295497143134206
1496	34.315642362453005	29.48411989620041	40.172914226062886	35.53297477291711	33.93816857551123	30.66351801192033	36.266859673213254	41.027567509915684	43.47165899796093	34.22454202175192	33.61730240721841	9.473604361500787e-2	34.1074188159647
1497	48.99340135064876	46.90114598546406	19.76631685108181	50.42374990346221	52.675856927578124	62.489715552896484	15.511479585313923	45.64685353208572	48.53868250169546	62.23364494517792	50.81486100697954	9.212787440104242	59.42398512713728
1498	57.02263084956595	55.54173202597551	56.82404959344558	46.378371276325765	68.55006651898285	45.25310768040617	51.055699867128766	59.222484724949645	60.978556801779185	40.79137659247995	47.466671688147045	0.3611631790336684	63.77692370438015
1499	35.352108273307856	38.84491554110133	16.331736048446583	11.028272541330665	28.89655898136182	9.598577820830297	4.173425272871725	33.76736967853818	19.959617691461805	27.907458267378992	8.839768861671761	3.895954340144725	34.43485035565637
1500	40.336665221133586	39.62397736446784	34.92259828683133	18.08252578077754	40.528936661031274	17.387403894970223	38.4065538663557	27.13528851585786	31.802438397552248	19.16590645600793	38.90774489155679	8.17604809559323e-2	37.860223123410115
1501	8.818219054619869	4.827160346624723	7.64731552051333	63.21161729739089	4.005804375638701	58.588188502890226	7.508474709210021	50.245314515195794	62.37562211025291	53.22653151971717	11.155672682647122	8.262442819999438e-2	20.66053182788192
1502	81.60135378215287	88.50212728807038	77.15811579111862	77.96015871013505	83.14993899432824	79.34899798714527	73.2784045913341	83.76784086378613	83.7218211618645	73.61388295043385	74.11090340429233	9.468214964313963	86.98911962467669
1503	86.54189198908774	85.8126675486058	61.340580011757815	80.90997353703757	80.87990212932907	86.69306388926124	53.63194143969937	80.43125632121577	73.12829060531543	82.84086876048138	77.94983910221247	9.68246402481833	87.87512518308144
1504	92.43929788383561	96.72690966724448	84.77839634823263	93.64828548970921	93.9525969945788	88.23726266123865	84.90158306501462	96.7516270629354	97.56185390346437	84.87401500476696	84.09407716412251	22.2463669161063	96.90816448375412
1505	85.45190004795613	80.85840136469037	80.32698937607596	70.7932987676091	71.81686763829312	53.697771180865594	56.98903283898466	84.04287017270804	75.67513268715285	58.333890293729304	66.36268957964398	15.894359740010106	85.70289967452734
1506	58.069843151447955	53.277885934622034	47.122949445659145	43.21396742475532	57.64811411595373	50.69517400970016	45.1864444994991	64.91528361609902	64.17635924490752	46.661802080041376	46.95749372279881	12.51666849591164	64.50082608770798
1507	29.623605382625488	32.25108812452117	4.258777397623971	37.18998564087962	40.02709072723622	49.90472722171554	0.8140991855414635	40.43785879836575	72.63077201299205	46.19791627455265	25.288391650734987	11.242660514498528	55.49859215386647
1508	83.80734055134921	78.80815645595192	50.530784809755815	84.01231964443721	72.20382976765953	91.80187662686879	36.362382776997585	61.91084110926539	63.586202811305405	93.29411912299102	91.72436481494391	8.921750473798971	83.52497557258737
1509	46.445905673658736	55.2336808364961	39.68330497485262	55.42282235883263	53.406950736766	54.22048134533218	44.0646517414322	49.79218772177061	47.40949910300323	0.9651289046951524	0.9651289046951523	4.187023648100034	55.776331889596484
1510	20.833120899493185	60.81497888545652	34.109853752387316	22.579483271886758	70.79761282727253	6.227732115475075	40.99646624887649	57.77429614099048	60.614286323233735	8.901017820656762	9.421179264002873	7.019274517332552e-2	32.9183127979161
1511	71.86393502336603	65.86344223375079	34.485586165972286	71.87840255655207	67.95478933253547	55.56501561763065	10.128541547205353	65.68837340105868	49.89146273591011	68.46180765651948	65.87828930211683	4.38764093953745e-2	74.37920948855033
1512	2.4560399145466536	42.87609396410391	4.053880662736339	2.5322291922057465	22.368427176132798	0.28664415447312974	2.38870128727626	21.998844713110017	19.500804821826296	3.722214092502749	9.359549130474381	0.13961715184852236	12.64094221379877
1514	60.02466492711827	56.53528269138156	43.496894782510275	52.432107647205164	57.854675183890635	47.35144956794198	41.78901228870235	47.029942940552374	44.13129301894191	49.370539461345295	70.69451991569467	9.425283566282157	61.2187741918607
1515	60.576120402843	58.706912293924084	53.81877177228759	64.2719961297908	62.486669780116365	62.55687228087579	0.5699918110270779	42.639206073319016	45.89304753644874	64.55291154163282	57.38541054606221	5.658468423990686	60.68488921257753
1516	79.88504923668908	79.77010558652997	70.82798179533872	77.72394245887908	78.52020336291973	77.41970640754074	71.69577670005127	80.25839689899112	80.13745664294845	78.36393019311727	78.33789260081812	16.97984776805509	80.3325258377579
1517	16.757031193065302	19.314570318334265	35.795497996367736	3.375876518850121	42.62421849363869	0.42026968488400346	40.481740407598714	50.599419601729345	49.46444826257493	3.0674857593746068	47.71036694573335	4.236746177092845e-2	49.1874145496186
1518	55.804934245898444	53.18043030108011	28.692022104879694	59.76703254621788	56.17237994110508	56.255158921786766	32.476120010457386	51.9458336627346	58.370122664255774	47.021793469817965	25.280924453143445	1.7302166753071355	63.571946753558194
1519	35.70958679340173	47.55524026456839	35.09021300576404	59.141566015807875	47.396953624024576	65.9744079245384	31.01347935409859	52.60309870791124	49.67969349736882	61.01232624157325	55.047317645898154	0.11586927531435404	55.37413110958337
1522	82.4481905002205	83.4252389461015	75.26986334455812	69.01803351785722	81.99906197559666	28.305154764526915	63.92507685496	69.06912280327502	76.17735179505111	32.070866510178284	64.06546316207515	9.45933624490303e-2	82.35012903193912
1523	86.49156057277821	87.4095748894609	84.56222799042132	87.62251881498534	87.83343015283364	85.72431677435077	75.39972454405442	88.16440348393235	88.16440348393235	86.70856968430932	86.70856968430932	5.97186664838018	87.62251881498533
1524	67.55056422794237	67.41202847090459	56.33597304081916	45.163729911208264	66.0876717844512	23.138789764847974	54.95920954614086	68.41291716230349	65.52172528777713	23.643158015641212	35.15937814216464	9.16337901344841e-2	67.30160559849793
1525	42.6685045247515	38.086827955295874	33.56927313441482	28.153751971340764	30.356919366687556	17.072852080360494	20.473845215574215	47.76681052955205	49.17905702218369	18.60132398924686	46.91082306781459	1.906121787826871	40.81878109468533